序号,场所名称,检验检测场所地址,领域,类别,检测对象,参数,依据的标准（方法）名称及编号（含年号）,限制范围,说明
1,某检测技术服务有限公司,实际地址,产品质量检验,电子电气-家用电器,深油炸锅、油煎锅及类似器具,结构,家用和类似用途电器的安全 深油炸锅、油煎锅及类似器具的特殊要求GB 4706.56-2008,,
2,某检测技术服务有限公司,实际地址,产品质量检验,电子电气-照明,手提灯,外部和内部接线,灯具 第2-8部分:特殊要求 手提灯GB 7000.208-2008,,
3,某检测技术服务有限公司,实际地址,产品质量检验,婴幼产品-玩具,电玩具,正常工作温升,电玩具的安全GB 19865-2005,,
4,某检测技术服务有限公司,实际地址,产品质量检验,婴幼产品-玩具,电玩具,实验型玩具,电玩具的安全GB 19865-2005,,
5,某检测技术服务有限公司,实际地址,产品质量检验,婴幼产品-玩具,电玩具,室温下的电气强度,电玩具的安全GB 19865-2005,,
6,某检测技术服务有限公司,实际地址,产品质量检验,电子电气-家用电器,衣物干燥机和毛巾架,内部布线,家用和类似用途电器的安全 衣物干燥机和毛巾架的特殊要求GB 4706.60-2008,,
7,某检测技术服务有限公司,实际地址,产品质量检验,电子电气-家用电器,衣物干燥机和毛巾架,发热,家用和类似用途电器的安全 衣物干燥机和毛巾架的特殊要求GB 4706.60-2008,不测：三相器具,
8,某检测技术服务有限公司,实际地址,产品质量检验,电子电气-家用电器,衣物干燥机和毛巾架,变压器和相关电路的过载保护,家用和类似用途电器的安全 衣物干燥机和毛巾架的特殊要求GB 4706.60-2008,不测：三相器具,
9,某检测技术服务有限公司,实际地址,产品质量检验,电子电气-家用电器,衣物干燥机和毛巾架,外部导线用接线端子,家用和类似用途电器的安全 衣物干燥机和毛巾架的特殊要求GB 4706.60-2008,,
10,某检测技术服务有限公司,实际地址,产品质量检验,电子电气-家用电器,衣物干燥机和毛巾架,对触及带电部件的防护,家用和类似用途电器的安全 衣物干燥机和毛巾架的特殊要求GB 4706.60-2008,,
11,某检测技术服务有限公司,实际地址,产品质量检验,电子电气-家用电器,衣物干燥机和毛巾架,工作温度下的泄漏电流和电气强度,家用和类似用途电器的安全 衣物干燥机和毛巾架的特殊要求GB 4706.60-2008,不测：三相器具,
12,某检测技术服务有限公司,实际地址,产品质量检验,电子电气-家用电器,衣物干燥机和毛巾架,接地措施,家用和类似用途电器的安全 衣物干燥机和毛巾架的特殊要求GB 4706.60-2008,,
13,某检测技术服务有限公司,实际地址,产品质量检验,电子电气-家用电器,衣物干燥机和毛巾架,机械强度,家用和类似用途电器的安全 衣物干燥机和毛巾架的特殊要求GB 4706.60-2008,,
14,某检测技术服务有限公司,实际地址,产品质量检验,电子电气-家用电器,衣物干燥机和毛巾架,标志和说明,家用和类似用途电器的安全 衣物干燥机和毛巾架的特殊要求GB 4706.60-2008,,
15,某检测技术服务有限公司,实际地址,产品质量检验,电子电气-家用电器,衣物干燥机和毛巾架,泄漏电流和电气强度,家用和类似用途电器的安全 衣物干燥机和毛巾架的特殊要求GB 4706.60-2008,,
16,某检测技术服务有限公司,实际地址,产品质量检验,电子电气-家用电器,衣物干燥机和毛巾架,电气间隙、爬电距离和固体绝缘,家用和类似用途电器的安全 衣物干燥机和毛巾架的特殊要求GB 4706.60-2008,,
17,某检测技术服务有限公司,实际地址,产品质量检验,电子电气-家用电器,衣物干燥机和毛巾架,电源连接和外部软线,家用和类似用途电器的安全 衣物干燥机和毛巾架的特殊要求GB 4706.60-2008,,
18,某检测技术服务有限公司,实际地址,产品质量检验,电子电气-家用电器,衣物干燥机和毛巾架,稳定性和机械危险,家用和类似用途电器的安全 衣物干燥机和毛巾架的特殊要求GB 4706.60-2008,,
19,某检测技术服务有限公司,实际地址,产品质量检验,电子电气-家用电器,衣物干燥机和毛巾架,结构,家用和类似用途电器的安全 衣物干燥机和毛巾架的特殊要求GB 4706.60-2008,,
20,某检测技术服务有限公司,实际地址,产品质量检验,电子电气-家用电器,衣物干燥机和毛巾架,耐潮湿,家用和类似用途电器的安全 衣物干燥机和毛巾架的特殊要求GB 4706.60-2008,不测：100cm×100cm×100cm以上的样品,
21,某检测技术服务有限公司,实际地址,产品质量检验,电子电气-家用电器,衣物干燥机和毛巾架,耐热和耐燃,家用和类似用途电器的安全 衣物干燥机和毛巾架的特殊要求GB 4706.60-2008,不测：三相器具,
22,某检测技术服务有限公司,实际地址,产品质量检验,电子电气-家用电器,衣物干燥机和毛巾架,螺钉和连接,家用和类似用途电器的安全 衣物干燥机和毛巾架的特殊要求GB 4706.60-2008,,
23,某检测技术服务有限公司,实际地址,产品质量检验,电子电气-家用电器,衣物干燥机和毛巾架,输入功率和电流,家用和类似用途电器的安全 衣物干燥机和毛巾架的特殊要求GB 4706.60-2008,不测：三相器具,
24,某检测技术服务有限公司,实际地址,产品质量检验,电子电气-家用电器,衣物干燥机和毛巾架,非正常工作,家用和类似用途电器的安全 衣物干燥机和毛巾架的特殊要求GB 4706.60-2008,不测：三相器具,
25,某检测技术服务有限公司,实际地址,产品质量检验,电子电气-照明,道路与街路照明灯具,外部接线和内部接线,灯具 第2-3部分：特殊要求 道路与街路照明灯具GB 7000.203-2013,,
26,某检测技术服务有限公司,实际地址,产品质量检验,电子电气-照明,道路与街路照明灯具,接地规定,灯具 第2-3部分：特殊要求 道路与街路照明灯具GB 7000.203-2013,,
27,某检测技术服务有限公司,实际地址,产品质量检验,电子电气-照明,道路与街路照明灯具,标记,灯具 第2-3部分：特殊要求 道路与街路照明灯具GB 7000.203-2013,,
28,某检测技术服务有限公司,实际地址,产品质量检验,电子电气-照明,道路与街路照明灯具,爬电距离和电气间隙,灯具 第2-3部分：特殊要求 道路与街路照明灯具GB 7000.203-2013,,
29,某检测技术服务有限公司,实际地址,产品质量检验,电子电气-照明,道路与街路照明灯具,结构,灯具 第2-3部分：特殊要求 道路与街路照明灯具GB 7000.203-2013,不测同 GB7000.1-2015,
30,某检测技术服务有限公司,实际地址,产品质量检验,电子电气-照明,道路与街路照明灯具,绝缘电阻和电气强度,灯具 第2-3部分：特殊要求 道路与街路照明灯具GB 7000.203-2013,,
31,某检测技术服务有限公司,实际地址,产品质量检验,电子电气-照明,道路与街路照明灯具,耐久性试验和热试验,灯具 第2-3部分：特殊要求 道路与街路照明灯具GB 7000.203-2013,不测：100cm×100cm×100cm以上的样品的耐久性试验,
32,某检测技术服务有限公司,实际地址,产品质量检验,电子电气-照明,道路与街路照明灯具,耐热、耐火和耐起痕,灯具 第2-3部分：特殊要求 道路与街路照明灯具GB 7000.203-2013,,
33,某检测技术服务有限公司,实际地址,产品质量检验,电子电气-照明,道路与街路照明灯具,防尘和防水,灯具 第2-3部分：特殊要求 道路与街路照明灯具GB 7000.203-2013,不测：100cm×100cm×100cm以上的样品的潮湿试验,
34,某检测技术服务有限公司,实际地址,产品质量检验,电子电气-照明,道路与街路照明灯具,防触电保护,灯具 第2-3部分：特殊要求 道路与街路照明灯具GB 7000.203-2013,,
35,某检测技术服务有限公司,实际地址,产品质量检验,电子电气-家用电器,室内加热器,内部布线,家用和类似用途电器的安全 第2部分：室内加热器的特殊要求GB 4706.23-2007,不测：嵌入式加热器,
36,某检测技术服务有限公司,实际地址,产品质量检验,电子电气-家用电器,室内加热器,发热,家用和类似用途电器的安全 第2部分：室内加热器的特殊要求GB 4706.23-2007,不测：嵌入式加热器、三相器具,
37,某检测技术服务有限公司,实际地址,产品质量检验,电子电气-家用电器,室内加热器,变压器和相关电路的过载保护,家用和类似用途电器的安全 第2部分：室内加热器的特殊要求GB 4706.23-2007,不测：嵌入式加热器、三相器具,
38,某检测技术服务有限公司,实际地址,产品质量检验,电子电气-家用电器,室内加热器,外部导线用接线端子,家用和类似用途电器的安全 第2部分：室内加热器的特殊要求GB 4706.23-2007,不测：嵌入式加热器,
39,某检测技术服务有限公司,实际地址,产品质量检验,电子电气-家用电器,室内加热器,对触及带电部件的防护,家用和类似用途电器的安全 第2部分：室内加热器的特殊要求GB 4706.23-2007,不测：嵌入式加热器,
40,某检测技术服务有限公司,实际地址,产品质量检验,电子电气-家用电器,室内加热器,工作温度下的泄漏电流和电气强度,家用和类似用途电器的安全 第2部分：室内加热器的特殊要求GB 4706.23-2007,不测：嵌入式加热器、三相器具,
41,某检测技术服务有限公司,实际地址,产品质量检验,电子电气-家用电器,室内加热器,接地措施,家用和类似用途电器的安全 第2部分：室内加热器的特殊要求GB 4706.23-2007,不测：嵌入式加热器,
42,某检测技术服务有限公司,实际地址,产品质量检验,电子电气-家用电器,室内加热器,机械强度,家用和类似用途电器的安全 第2部分：室内加热器的特殊要求GB 4706.23-2007,不测：嵌入式加热器,
43,某检测技术服务有限公司,实际地址,产品质量检验,电子电气-家用电器,室内加热器,标志和说明,家用和类似用途电器的安全 第2部分：室内加热器的特殊要求GB 4706.23-2007,不测：嵌入式加热器,
44,某检测技术服务有限公司,实际地址,产品质量检验,电子电气-家用电器,室内加热器,泄漏电流和电气强度,家用和类似用途电器的安全 第2部分：室内加热器的特殊要求GB 4706.23-2007,不测：嵌入式加热器,
45,某检测技术服务有限公司,实际地址,产品质量检验,电子电气-家用电器,室内加热器,电气间隙、爬电距离和固体绝缘,家用和类似用途电器的安全 第2部分：室内加热器的特殊要求GB 4706.23-2007,不测：嵌入式加热器,
46,某检测技术服务有限公司,实际地址,产品质量检验,电子电气-家用电器,室内加热器,电源连接和外部软线,家用和类似用途电器的安全 第2部分：室内加热器的特殊要求GB 4706.23-2007,不测：嵌入式加热器,
47,某检测技术服务有限公司,实际地址,产品质量检验,电子电气-家用电器,室内加热器,稳定性和机械危险,家用和类似用途电器的安全 第2部分：室内加热器的特殊要求GB 4706.23-2007,不测：嵌入式加热器,
48,某检测技术服务有限公司,实际地址,产品质量检验,电子电气-家用电器,室内加热器,结构,家用和类似用途电器的安全 第2部分：室内加热器的特殊要求GB 4706.23-2007,不测：嵌入式加热器、22.105热冲击,
49,某检测技术服务有限公司,实际地址,产品质量检验,电子电气-家用电器,室内加热器,耐潮湿,家用和类似用途电器的安全 第2部分：室内加热器的特殊要求GB 4706.23-2007,不测：嵌入式加热器、100cm×100cm×100cm以上的样品,
50,某检测技术服务有限公司,实际地址,产品质量检验,电子电气-家用电器,室内加热器,耐热和耐燃,家用和类似用途电器的安全 第2部分：室内加热器的特殊要求GB 4706.23-2007,不测：嵌入式加热器、三相器具,
51,某检测技术服务有限公司,实际地址,产品质量检验,电子电气-家用电器,室内加热器,螺钉和连接,家用和类似用途电器的安全 第2部分：室内加热器的特殊要求GB 4706.23-2007,不测：嵌入式加热器,
52,某检测技术服务有限公司,实际地址,产品质量检验,电子电气-家用电器,室内加热器,输入功率和电流,家用和类似用途电器的安全 第2部分：室内加热器的特殊要求GB 4706.23-2007,不测：嵌入式加热器、三相器具,
53,某检测技术服务有限公司,实际地址,产品质量检验,电子电气-家用电器,室内加热器,非正常工作,家用和类似用途电器的安全 第2部分：室内加热器的特殊要求GB 4706.23-2007,不测：嵌入式加热器、三相器具,
54,某检测技术服务有限公司,实际地址,产品质量检验,电子电气-家用电器,风扇,内部布线,家用和类似用途电器的安全 第2部分：风扇的特殊要求GB 4706.27-2008,不测： 管道扇、隔墙扇、热带气候使用的风扇,
55,某检测技术服务有限公司,实际地址,产品质量检验,电子电气-家用电器,风扇,发热,家用和类似用途电器的安全 第2部分：风扇的特殊要求GB 4706.27-2008,不测： 管道扇、隔墙扇、热带气候使用的风扇、三相器具,
56,某检测技术服务有限公司,实际地址,产品质量检验,电子电气-家用电器,风扇,变压器和相关电路的过载保护,家用和类似用途电器的安全 第2部分：风扇的特殊要求GB 4706.27-2008,不测： 管道扇、隔墙扇、热带气候使用的风扇、三相器具,
57,某检测技术服务有限公司,实际地址,产品质量检验,电子电气-家用电器,风扇,外部导线用接线端子,家用和类似用途电器的安全 第2部分：风扇的特殊要求GB 4706.27-2008,不测： 管道扇、隔墙扇、热带气候使用的风扇,
58,某检测技术服务有限公司,实际地址,产品质量检验,电子电气-家用电器,风扇,对触及带电部件的防护,家用和类似用途电器的安全 第2部分：风扇的特殊要求GB 4706.27-2008,不测： 管道扇、隔墙扇、热带气候使用的风扇,
59,某检测技术服务有限公司,实际地址,产品质量检验,电子电气-家用电器,风扇,工作温度下的泄漏电流和电气强度,家用和类似用途电器的安全 第2部分：风扇的特殊要求GB 4706.27-2008,不测： 管道扇、隔墙扇、热带气候使用的风扇、三相器具,
60,某检测技术服务有限公司,实际地址,产品质量检验,电子电气-家用电器,风扇,接地措施,家用和类似用途电器的安全 第2部分：风扇的特殊要求GB 4706.27-2008,不测： 管道扇、隔墙扇、热带气候使用的风扇,
61,某检测技术服务有限公司,实际地址,产品质量检验,电子电气-家用电器,风扇,机械强度,家用和类似用途电器的安全 第2部分：风扇的特殊要求GB 4706.27-2008,不测： 管道扇、隔墙扇、热带气候使用的风扇,
62,某检测技术服务有限公司,实际地址,产品质量检验,电子电气-家用电器,风扇,标志和说明,家用和类似用途电器的安全 第2部分：风扇的特殊要求GB 4706.27-2008,不测： 管道扇、隔墙扇、热带气候使用的风扇,
63,某检测技术服务有限公司,实际地址,产品质量检验,电子电气-家用电器,风扇,泄漏电流和电气强度,家用和类似用途电器的安全 第2部分：风扇的特殊要求GB 4706.27-2008,不测： 管道扇、隔墙扇、热带气候使用的风扇,
64,某检测技术服务有限公司,实际地址,产品质量检验,电子电气-家用电器,风扇,电气间隙、爬电距离和固体绝缘,家用和类似用途电器的安全 第2部分：风扇的特殊要求GB 4706.27-2008,不测： 管道扇、隔墙扇、热带气候使用的风扇,
65,某检测技术服务有限公司,实际地址,产品质量检验,电子电气-家用电器,风扇,电源连接和外部软线,家用和类似用途电器的安全 第2部分：风扇的特殊要求GB 4706.27-2008,不测： 管道扇、隔墙扇、热带气候使用的风扇,
66,某检测技术服务有限公司,实际地址,产品质量检验,电子电气-家用电器,风扇,稳定性和机械危险,家用和类似用途电器的安全 第2部分：风扇的特殊要求GB 4706.27-2008,不测： 管道扇、隔墙扇、热带气候使用的风扇,
67,某检测技术服务有限公司,实际地址,产品质量检验,电子电气-家用电器,风扇,结构,家用和类似用途电器的安全 第2部分：风扇的特殊要求GB 4706.27-2008,不测： 管道扇、隔墙扇、热带气候使用的风扇,
68,某检测技术服务有限公司,实际地址,产品质量检验,电子电气-家用电器,风扇,耐潮湿,家用和类似用途电器的安全 第2部分：风扇的特殊要求GB 4706.27-2008,不测： 管道扇、隔墙扇、热带气候使用的风扇、100cm×100cm×100cm以上的样品,
69,某检测技术服务有限公司,实际地址,产品质量检验,电子电气-家用电器,风扇,耐热和耐燃,家用和类似用途电器的安全 第2部分：风扇的特殊要求GB 4706.27-2008,不测： 管道扇、隔墙扇、热带气候使用的风扇、三相器具,
70,某检测技术服务有限公司,实际地址,产品质量检验,电子电气-家用电器,风扇,螺钉和连接,家用和类似用途电器的安全 第2部分：风扇的特殊要求GB 4706.27-2008,不测： 管道扇、隔墙扇、热带气候使用的风扇,
71,某检测技术服务有限公司,实际地址,产品质量检验,电子电气-家用电器,风扇,输入功率和电流,家用和类似用途电器的安全 第2部分：风扇的特殊要求GB 4706.27-2008,不测： 管道扇、隔墙扇、热带气候使用的风扇、三相器具,
72,某检测技术服务有限公司,实际地址,产品质量检验,电子电气-家用电器,风扇,非正常工作,家用和类似用途电器的安全 第2部分：风扇的特殊要求GB 4706.27-2008,不测： 管道扇、隔墙扇、热带气候使用的风扇、三相器具,
73,某检测技术服务有限公司,实际地址,产品质量检验,电子电气-照明,可移式通用灯具,外部接线和内部接线,灯具 第2-4部分:特殊要求 可移式通用灯具GB 7000.204-2008,,
74,某检测技术服务有限公司,实际地址,产品质量检验,电子电气-照明,可移式通用灯具,接地规定,灯具 第2-4部分:特殊要求 可移式通用灯具GB 7000.204-2008,,
75,某检测技术服务有限公司,实际地址,产品质量检验,电子电气-照明,可移式通用灯具,标记,灯具 第2-4部分:特殊要求 可移式通用灯具GB 7000.204-2008,,
76,某检测技术服务有限公司,实际地址,产品质量检验,电子电气-照明,可移式通用灯具,爬电距离和电气间隙,灯具 第2-4部分:特殊要求 可移式通用灯具GB 7000.204-2008,,
77,某检测技术服务有限公司,实际地址,产品质量检验,电子电气-照明,可移式通用灯具,结构,灯具 第2-4部分:特殊要求 可移式通用灯具GB 7000.204-2008,不测同 GB7000.1-2015,
78,某检测技术服务有限公司,实际地址,产品质量检验,电子电气-照明,可移式通用灯具,绝缘电阻和电气强度,灯具 第2-4部分:特殊要求 可移式通用灯具GB 7000.204-2008,,
79,某检测技术服务有限公司,实际地址,产品质量检验,电子电气-照明,可移式通用灯具,耐久性试验和热试验,灯具 第2-4部分:特殊要求 可移式通用灯具GB 7000.204-2008,不测：100cm×100cm×100cm以上的样品的耐久性试验,
80,某检测技术服务有限公司,实际地址,产品质量检验,电子电气-照明,可移式通用灯具,耐热、耐火和耐起痕,灯具 第2-4部分:特殊要求 可移式通用灯具GB 7000.204-2008,,
81,某检测技术服务有限公司,实际地址,产品质量检验,电子电气-照明,可移式通用灯具,防尘、防固体异物和防水,灯具 第2-4部分:特殊要求 可移式通用灯具GB 7000.204-2008,不测：100cm×100cm×100cm以上的样品的潮湿试验,
82,某检测技术服务有限公司,实际地址,产品质量检验,电子电气-照明,可移式通用灯具,防触电保护,灯具 第2-4部分:特殊要求 可移式通用灯具GB 7000.204-2008,,
83,某检测技术服务有限公司,实际地址,产品质量检验,电子电气-家用电器,泵,内部布线,家用和类似用途电器的安全 泵的特殊要求GB 4706.66-2008,不测：除水族箱泵、花园池塘泵、搁置式喷泉泵以外的泵,
84,某检测技术服务有限公司,实际地址,产品质量检验,电子电气-家用电器,泵,发热,家用和类似用途电器的安全 泵的特殊要求GB 4706.66-2008,不测：除水族箱泵、花园池塘泵、搁置式喷泉泵以外的泵、三相器具,
85,某检测技术服务有限公司,实际地址,产品质量检验,电子电气-家用电器,泵,变压器和相关电路的过载保护,家用和类似用途电器的安全 泵的特殊要求GB 4706.66-2008,不测：除水族箱泵、花园池塘泵、搁置式喷泉泵以外的泵、三相器具,
86,某检测技术服务有限公司,实际地址,产品质量检验,电子电气-家用电器,泵,外部导线用接线端子,家用和类似用途电器的安全 泵的特殊要求GB 4706.66-2008,不测：除水族箱泵、花园池塘泵、搁置式喷泉泵以外的泵,
87,某检测技术服务有限公司,实际地址,产品质量检验,电子电气-家用电器,泵,对触及带电部件的防护,家用和类似用途电器的安全 泵的特殊要求GB 4706.66-2008,不测：除水族箱泵、花园池塘泵、搁置式喷泉泵以外的泵,
88,某检测技术服务有限公司,实际地址,产品质量检验,电子电气-家用电器,泵,工作温度下的泄漏电流和电气强度,家用和类似用途电器的安全 泵的特殊要求GB 4706.66-2008,不测：除水族箱泵、花园池塘泵、搁置式喷泉泵以外的泵、三相器具,
89,某检测技术服务有限公司,实际地址,产品质量检验,电子电气-家用电器,泵,接地措施,家用和类似用途电器的安全 泵的特殊要求GB 4706.66-2008,不测：除水族箱泵、花园池塘泵、搁置式喷泉泵以外的泵,
90,某检测技术服务有限公司,实际地址,产品质量检验,电子电气-家用电器,泵,机械强度,家用和类似用途电器的安全 泵的特殊要求GB 4706.66-2008,不测：除水族箱泵、花园池塘泵、搁置式喷泉泵以外的泵,
91,某检测技术服务有限公司,实际地址,产品质量检验,电子电气-家用电器,泵,标志和说明,家用和类似用途电器的安全 泵的特殊要求GB 4706.66-2008,不测：除水族箱泵、花园池塘泵、搁置式喷泉泵以外的泵,
92,某检测技术服务有限公司,实际地址,产品质量检验,电子电气-家用电器,泵,泄漏电流和电气强度,家用和类似用途电器的安全 泵的特殊要求GB 4706.66-2008,不测：除水族箱泵、花园池塘泵、搁置式喷泉泵以外的泵,
93,某检测技术服务有限公司,实际地址,产品质量检验,电子电气-家用电器,泵,电气间隙、爬电距离和固体绝缘,家用和类似用途电器的安全 泵的特殊要求GB 4706.66-2008,不测：除水族箱泵、花园池塘泵、搁置式喷泉泵以外的泵,
94,某检测技术服务有限公司,实际地址,产品质量检验,电子电气-家用电器,泵,电源连接和外部软线,家用和类似用途电器的安全 泵的特殊要求GB 4706.66-2008,不测：沐浴推进泵;电源线弯折试验,
95,某检测技术服务有限公司,实际地址,产品质量检验,电子电气-家用电器,泵,稳定性和机械危险,家用和类似用途电器的安全 泵的特殊要求GB 4706.66-2008,不测：除水族箱泵、花园池塘泵、搁置式喷泉泵以外的泵,
96,某检测技术服务有限公司,实际地址,产品质量检验,电子电气-家用电器,泵,结构,家用和类似用途电器的安全 泵的特殊要求GB 4706.66-2008,不测：除水族箱泵、花园池塘泵、搁置式喷泉泵以外的泵,
97,某检测技术服务有限公司,实际地址,产品质量检验,电子电气-家用电器,泵,耐潮湿,家用和类似用途电器的安全 泵的特殊要求GB 4706.66-2008,不测：除水族箱泵、花园池塘泵、搁置式喷泉泵以外的泵、100cm×100cm×100cm以上的样品,
98,某检测技术服务有限公司,实际地址,产品质量检验,电子电气-家用电器,泵,耐热和耐燃,家用和类似用途电器的安全 泵的特殊要求GB 4706.66-2008,不测：除水族箱泵、花园池塘泵、搁置式喷泉泵以外的泵、三相器具,
99,某检测技术服务有限公司,实际地址,产品质量检验,电子电气-家用电器,泵,螺钉和连接,家用和类似用途电器的安全 泵的特殊要求GB 4706.66-2008,不测：除水族箱泵、花园池塘泵、搁置式喷泉泵以外的泵,
100,某检测技术服务有限公司,实际地址,产品质量检验,电子电气-家用电器,泵,输入功率和电流,家用和类似用途电器的安全 泵的特殊要求GB 4706.66-2008,不测：除水族箱泵、花园池塘泵、搁置式喷泉泵以外的泵、三相器具,
101,某检测技术服务有限公司,实际地址,产品质量检验,电子电气-家用电器,泵,非正常工作,家用和类似用途电器的安全 泵的特殊要求GB 4706.66-2008,不测：除水族箱泵、花园池塘泵、搁置式喷泉泵以外的泵三相器具,
102,某检测技术服务有限公司,实际地址,产品质量检验,电子电气-EMC,电子电气产品,静电放电抗扰度试验,电磁兼容 试验和测量技术 静电放电抗扰度试验GB/T 17626.2-2018,,
103,某检测技术服务有限公司,实际地址,产品质量检验,电子电气-照明,普通照明用LED模块,介电强度,普通照明用LED模块 安全要求GB 24819-2009,不测：5000V以上交流耐压,
104,某检测技术服务有限公司,实际地址,产品质量检验,电子电气-照明,普通照明用LED模块,保护接地装置,普通照明用LED模块 安全要求GB 24819-2009,,
105,某检测技术服务有限公司,实际地址,产品质量检验,电子电气-照明,普通照明用LED模块,故障状态,普通照明用LED模块 安全要求GB 24819-2009,,
106,某检测技术服务有限公司,实际地址,产品质量检验,电子电气-照明,普通照明用LED模块,标志,普通照明用LED模块 安全要求GB 24819-2009,,
107,某检测技术服务有限公司,实际地址,产品质量检验,电子电气-照明,普通照明用LED模块,爬电距离和电气间隙,普通照明用LED模块 安全要求GB 24819-2009,,
108,某检测技术服务有限公司,实际地址,产品质量检验,电子电气-照明,普通照明用LED模块,结构,普通照明用LED模块 安全要求GB 24819-2009,,
109,某检测技术服务有限公司,实际地址,产品质量检验,电子电气-照明,普通照明用LED模块,耐热、防火及耐漏电起痕,普通照明用LED模块 安全要求GB 24819-2009,,
110,某检测技术服务有限公司,实际地址,产品质量检验,电子电气-照明,普通照明用LED模块,耐腐蚀,普通照明用LED模块 安全要求GB 24819-2009,,
111,某检测技术服务有限公司,实际地址,产品质量检验,电子电气-照明,普通照明用LED模块,螺钉、载流部件和连接件,普通照明用LED模块 安全要求GB 24819-2009,,
112,某检测技术服务有限公司,实际地址,产品质量检验,电子电气-照明,普通照明用LED模块,防止意外接触带电部件的措施,普通照明用LED模块 安全要求GB 24819-2009,,
113,某检测技术服务有限公司,实际地址,产品质量检验,电子电气-照明,普通照明用LED模块,防潮和绝缘,普通照明用LED模块 安全要求GB 24819-2009,,
114,某检测技术服务有限公司,实际地址,产品质量检验,电子电气-EMC,电子电气产品,电快速瞬变脉冲群抗扰度试验,电磁兼容 试验和测量技术 电快速瞬变脉冲群抗扰度试验GB/T 17626.4-2018,不测：4kV以上，三相器具,
115,某检测技术服务有限公司,实际地址,产品质量检验,电子电气-家用电器,深油炸锅、油煎锅及类似器具,内部布线,家用和类似用途电器的安全 深油炸锅、油煎锅及类似器具的特殊要求GB 4706.56-2008,,
116,某检测技术服务有限公司,实际地址,产品质量检验,电子电气-家用电器,深油炸锅、油煎锅及类似器具,发热,家用和类似用途电器的安全 深油炸锅、油煎锅及类似器具的特殊要求GB 4706.56-2008,不测:三相器具,
117,某检测技术服务有限公司,实际地址,产品质量检验,电子电气-家用电器,深油炸锅、油煎锅及类似器具,变压器和相关电路的过载保护,家用和类似用途电器的安全 深油炸锅、油煎锅及类似器具的特殊要求GB 4706.56-2008,不测:三相器具,
118,某检测技术服务有限公司,实际地址,产品质量检验,电子电气-家用电器,深油炸锅、油煎锅及类似器具,外部导线用接线端子,家用和类似用途电器的安全 深油炸锅、油煎锅及类似器具的特殊要求GB 4706.56-2008,,
119,某检测技术服务有限公司,实际地址,产品质量检验,电子电气-家用电器,深油炸锅、油煎锅及类似器具,对触及带电部件的防护,家用和类似用途电器的安全 深油炸锅、油煎锅及类似器具的特殊要求GB 4706.56-2008,,
120,某检测技术服务有限公司,实际地址,产品质量检验,电子电气-家用电器,深油炸锅、油煎锅及类似器具,工作温度下的泄漏电流和电气强度,家用和类似用途电器的安全 深油炸锅、油煎锅及类似器具的特殊要求GB 4706.56-2008,不测:三相器具,
121,某检测技术服务有限公司,实际地址,产品质量检验,电子电气-家用电器,深油炸锅、油煎锅及类似器具,接地措施,家用和类似用途电器的安全 深油炸锅、油煎锅及类似器具的特殊要求GB 4706.56-2008,,
122,某检测技术服务有限公司,实际地址,产品质量检验,电子电气-家用电器,深油炸锅、油煎锅及类似器具,机械强度,家用和类似用途电器的安全 深油炸锅、油煎锅及类似器具的特殊要求GB 4706.56-2008,,
123,某检测技术服务有限公司,实际地址,产品质量检验,电子电气-家用电器,深油炸锅、油煎锅及类似器具,标志和说明,家用和类似用途电器的安全 深油炸锅、油煎锅及类似器具的特殊要求GB 4706.56-2008,,
124,某检测技术服务有限公司,实际地址,产品质量检验,电子电气-家用电器,深油炸锅、油煎锅及类似器具,泄漏电流和电气强度,家用和类似用途电器的安全 深油炸锅、油煎锅及类似器具的特殊要求GB 4706.56-2008,,
125,某检测技术服务有限公司,实际地址,产品质量检验,电子电气-家用电器,深油炸锅、油煎锅及类似器具,电气间隙、爬电距离和固体绝缘,家用和类似用途电器的安全 深油炸锅、油煎锅及类似器具的特殊要求GB 4706.56-2008,,
126,某检测技术服务有限公司,实际地址,产品质量检验,电子电气-家用电器,深油炸锅、油煎锅及类似器具,电源连接和外部软线,家用和类似用途电器的安全 深油炸锅、油煎锅及类似器具的特殊要求GB 4706.56-2008,,
127,某检测技术服务有限公司,实际地址,产品质量检验,电子电气-家用电器,深油炸锅、油煎锅及类似器具,稳定性和机械危险,家用和类似用途电器的安全 深油炸锅、油煎锅及类似器具的特殊要求GB 4706.56-2008,,
128,某检测技术服务有限公司,实际地址,产品质量检验,电子电气-家用电器,深油炸锅、油煎锅及类似器具,耐潮湿,家用和类似用途电器的安全 深油炸锅、油煎锅及类似器具的特殊要求GB 4706.56-2008,不测：100cm×100cm×100cm以上的样品,
129,某检测技术服务有限公司,实际地址,产品质量检验,电子电气-家用电器,深油炸锅、油煎锅及类似器具,耐热和耐燃,家用和类似用途电器的安全 深油炸锅、油煎锅及类似器具的特殊要求GB 4706.56-2008,不测：三相器具,
130,某检测技术服务有限公司,实际地址,产品质量检验,电子电气-家用电器,深油炸锅、油煎锅及类似器具,螺钉和连接,家用和类似用途电器的安全 深油炸锅、油煎锅及类似器具的特殊要求GB 4706.56-2008,,
131,某检测技术服务有限公司,实际地址,产品质量检验,电子电气-家用电器,深油炸锅、油煎锅及类似器具,输入功率和电流,家用和类似用途电器的安全 深油炸锅、油煎锅及类似器具的特殊要求GB 4706.56-2008,不测：三相器具,
132,某检测技术服务有限公司,实际地址,产品质量检验,电子电气-家用电器,深油炸锅、油煎锅及类似器具,非正常工作,家用和类似用途电器的安全 深油炸锅、油煎锅及类似器具的特殊要求GB 4706.56-2008,不测：三相器具,
133,某检测技术服务有限公司,实际地址,产品质量检验,电子电气-照明,庭园用可移式灯具,外部接线和内部接线,灯具 第2-7部分:特殊要求 庭园用可移式灯具GB 7000.207-2008,,
134,某检测技术服务有限公司,实际地址,产品质量检验,电子电气-照明,庭园用可移式灯具,接地规定,灯具 第2-7部分:特殊要求 庭园用可移式灯具GB 7000.207-2008,,
135,某检测技术服务有限公司,实际地址,产品质量检验,电子电气-照明,庭园用可移式灯具,标记,灯具 第2-7部分:特殊要求 庭园用可移式灯具GB 7000.207-2008,,
136,某检测技术服务有限公司,实际地址,产品质量检验,电子电气-照明,庭园用可移式灯具,爬电距离和电气间隙,灯具 第2-7部分:特殊要求 庭园用可移式灯具GB 7000.207-2008,,
137,某检测技术服务有限公司,实际地址,产品质量检验,电子电气-照明,庭园用可移式灯具,结构,灯具 第2-7部分:特殊要求 庭园用可移式灯具GB 7000.207-2008,不测同 GB7000.1-2015,
138,某检测技术服务有限公司,实际地址,产品质量检验,电子电气-照明,庭园用可移式灯具,绝缘电阻和电气强度,灯具 第2-7部分:特殊要求 庭园用可移式灯具GB 7000.207-2008,,
139,某检测技术服务有限公司,实际地址,产品质量检验,电子电气-照明,庭园用可移式灯具,耐久性试验和热试验,灯具 第2-7部分:特殊要求 庭园用可移式灯具GB 7000.207-2008,不测：100cm×100cm×100cm以上的样品的耐久性试验,
140,某检测技术服务有限公司,实际地址,产品质量检验,电子电气-照明,庭园用可移式灯具,耐热、耐火和耐起痕,灯具 第2-7部分:特殊要求 庭园用可移式灯具GB 7000.207-2008,,
141,某检测技术服务有限公司,实际地址,产品质量检验,电子电气-照明,庭园用可移式灯具,防尘和防水,灯具 第2-7部分:特殊要求 庭园用可移式灯具GB 7000.207-2008,不测：100cm×100cm×100cm以上的样品的潮湿试验,
142,某检测技术服务有限公司,实际地址,产品质量检验,电子电气-照明,庭园用可移式灯具,防触电保护,灯具 第2-7部分:特殊要求 庭园用可移式灯具GB 7000.207-2008,,
143,某检测技术服务有限公司,实际地址,产品质量检验,电子电气-AV,音频、视频及类似电子设备,外接软线,音频、视频及类似电子设备 安全要求GB 8898-2011,不测：16.3 电源软线的弯曲和机械应力试验,
144,某检测技术服务有限公司,实际地址,产品质量检验,电子电气-AV,音频、视频及类似电子设备,故障条件,音频、视频及类似电子设备 安全要求GB 8898-2011,不测：三相器具,
145,某检测技术服务有限公司,实际地址,产品质量检验,电子电气-AV,音频、视频及类似电子设备,机械强度,音频、视频及类似电子设备 安全要求GB 8898-2011,"不测:12.1.2 振动测试,12.3 遥控装置的机械应力测试，12.5 天线同轴插座机械应力测试",
146,某检测技术服务有限公司,实际地址,产品质量检验,电子电气-AV,音频、视频及类似电子设备,标志和说明书,音频、视频及类似电子设备 安全要求GB 8898-2011,,
147,某检测技术服务有限公司,实际地址,产品质量检验,电子电气-AV,音频、视频及类似电子设备,正常工作条件下的发热,音频、视频及类似电子设备 安全要求GB 8898-2011,不测：三相器具，7.2 绝缘材料的耐热,
148,某检测技术服务有限公司,实际地址,产品质量检验,电子电气-AV,音频、视频及类似电子设备,正常工作条件下的电击危险,音频、视频及类似电子设备 安全要求GB 8898-2011,,
149,某检测技术服务有限公司,实际地址,产品质量检验,电子电气-AV,音频、视频及类似电子设备,电气连接和机械固定,音频、视频及类似电子设备 安全要求GB 8898-2011,,
150,某检测技术服务有限公司,实际地址,产品质量检验,电子电气-AV,音频、视频及类似电子设备,电气间隙和爬电距离,音频、视频及类似电子设备 安全要求GB 8898-2011,不测：13.3.4瞬态电压的测量,
151,某检测技术服务有限公司,实际地址,产品质量检验,电子电气-AV,音频、视频及类似电子设备,稳定性和机械危险,音频、视频及类似电子设备 安全要求GB 8898-2011,不测：19.5 玻璃破碎， 19.6 墙壁或天花板的安装方法,
152,某检测技术服务有限公司,实际地址,产品质量检验,电子电气-AV,音频、视频及类似电子设备,防水溅设备的附加要求,音频、视频及类似电子设备 安全要求GB 8898-2011,,
153,某检测技术服务有限公司,实际地址,产品质量检验,电子电气-AV,音频、视频及类似电子设备,防火,音频、视频及类似电子设备 安全要求GB 8898-2011,,
154,某检测技术服务有限公司,实际地址,产品质量检验,电子电气-AV,音频、视频及类似电子设备,防电击保护的结构要求,音频、视频及类似电子设备 安全要求GB 8898-2011,不测：8.17 需附加隔层绝缘的绝缘绕组线的要求，8.18 振动试验，8.22 不可分离的薄层材料的试验,
155,某检测技术服务有限公司,实际地址,产品质量检验,电子电气-家用电器,灭虫器,内部布线,家用和类似用途电器的安全 灭虫器的特殊要求GB 4706.76-2008,,
156,某检测技术服务有限公司,实际地址,产品质量检验,电子电气-家用电器,灭虫器,发热,家用和类似用途电器的安全 灭虫器的特殊要求GB 4706.76-2008,不测：三相器具,
157,某检测技术服务有限公司,实际地址,产品质量检验,电子电气-家用电器,灭虫器,变压器和相关电路的过载保护,家用和类似用途电器的安全 灭虫器的特殊要求GB 4706.76-2008,不测：三相器具,
158,某检测技术服务有限公司,实际地址,产品质量检验,电子电气-家用电器,灭虫器,外部导线用接线端子,家用和类似用途电器的安全 灭虫器的特殊要求GB 4706.76-2008,,
159,某检测技术服务有限公司,实际地址,产品质量检验,电子电气-家用电器,灭虫器,对触及带电部件的防护,家用和类似用途电器的安全 灭虫器的特殊要求GB 4706.76-2008,,
160,某检测技术服务有限公司,实际地址,产品质量检验,电子电气-家用电器,灭虫器,工作温度下的泄漏电流和电气强度,家用和类似用途电器的安全 灭虫器的特殊要求GB 4706.76-2008,不测：三相器具,
161,某检测技术服务有限公司,实际地址,产品质量检验,电子电气-家用电器,灭虫器,接地措施,家用和类似用途电器的安全 灭虫器的特殊要求GB 4706.76-2008,,
162,某检测技术服务有限公司,实际地址,产品质量检验,电子电气-家用电器,灭虫器,机械强度,家用和类似用途电器的安全 灭虫器的特殊要求GB 4706.76-2008,,
163,某检测技术服务有限公司,实际地址,产品质量检验,电子电气-家用电器,灭虫器,标志和说明,家用和类似用途电器的安全 灭虫器的特殊要求GB 4706.76-2008,,
164,某检测技术服务有限公司,实际地址,产品质量检验,电子电气-家用电器,灭虫器,泄漏电流和电气强度,家用和类似用途电器的安全 灭虫器的特殊要求GB 4706.76-2008,,
165,某检测技术服务有限公司,实际地址,产品质量检验,电子电气-家用电器,灭虫器,电气间隙、爬电距离和固体绝缘,家用和类似用途电器的安全 灭虫器的特殊要求GB 4706.76-2008,,
166,某检测技术服务有限公司,实际地址,产品质量检验,电子电气-家用电器,灭虫器,电源连接和外部软线,家用和类似用途电器的安全 灭虫器的特殊要求GB 4706.76-2008,,
167,某检测技术服务有限公司,实际地址,产品质量检验,电子电气-家用电器,灭虫器,稳定性和机械危险,家用和类似用途电器的安全 灭虫器的特殊要求GB 4706.76-2008,,
168,某检测技术服务有限公司,实际地址,产品质量检验,电子电气-家用电器,灭虫器,结构,家用和类似用途电器的安全 灭虫器的特殊要求GB 4706.76-2008,,
169,某检测技术服务有限公司,实际地址,产品质量检验,电子电气-家用电器,灭虫器,耐潮湿,家用和类似用途电器的安全 灭虫器的特殊要求GB 4706.76-2008,不测：100cm×100cm×100cm以上的样品,
170,某检测技术服务有限公司,实际地址,产品质量检验,电子电气-家用电器,灭虫器,耐热和耐燃,家用和类似用途电器的安全 灭虫器的特殊要求GB 4706.76-2008,不测：三相器具,
171,某检测技术服务有限公司,实际地址,产品质量检验,电子电气-家用电器,灭虫器,螺钉和连接,家用和类似用途电器的安全 灭虫器的特殊要求GB 4706.76-2008,,
172,某检测技术服务有限公司,实际地址,产品质量检验,电子电气-家用电器,灭虫器,输入功率和电流,家用和类似用途电器的安全 灭虫器的特殊要求GB 4706.76-2008,不测：三相器具,
173,某检测技术服务有限公司,实际地址,产品质量检验,电子电气-家用电器,灭虫器,非正常工作,家用和类似用途电器的安全 灭虫器的特殊要求GB 4706.76-2008,不测：三相器具,
174,某检测技术服务有限公司,实际地址,产品质量检验,电子电气-家用电器,真空吸尘器和吸水式清洁器具,内部布线,家用和类似用途电器的安全 真空吸尘器和吸水式清洁器具的特殊要求GB 4706.7-2014,不测：吸水式清洁器具,
175,某检测技术服务有限公司,实际地址,产品质量检验,电子电气-家用电器,真空吸尘器和吸水式清洁器具,发热,家用和类似用途电器的安全 真空吸尘器和吸水式清洁器具的特殊要求GB 4706.7-2014,不测：吸水式清洁器具、三相器具,
176,某检测技术服务有限公司,实际地址,产品质量检验,电子电气-家用电器,真空吸尘器和吸水式清洁器具,变压器和相关电路的过载保护,家用和类似用途电器的安全 真空吸尘器和吸水式清洁器具的特殊要求GB 4706.7-2014,不测：吸水式清洁器具、三相器具,
177,某检测技术服务有限公司,实际地址,产品质量检验,电子电气-家用电器,真空吸尘器和吸水式清洁器具,外部导线用接线端子,家用和类似用途电器的安全 真空吸尘器和吸水式清洁器具的特殊要求GB 4706.7-2014,不测：吸水式清洁器具,
178,某检测技术服务有限公司,实际地址,产品质量检验,电子电气-家用电器,真空吸尘器和吸水式清洁器具,对触及带电部件的防护,家用和类似用途电器的安全 真空吸尘器和吸水式清洁器具的特殊要求GB 4706.7-2014,不测：吸水式清洁器具,
179,某检测技术服务有限公司,实际地址,产品质量检验,电子电气-家用电器,真空吸尘器和吸水式清洁器具,工作温度下的泄漏电流和电气强度,家用和类似用途电器的安全 真空吸尘器和吸水式清洁器具的特殊要求GB 4706.7-2014,不测：吸水式清洁器具、三相器具,
180,某检测技术服务有限公司,实际地址,产品质量检验,电子电气-家用电器,真空吸尘器和吸水式清洁器具,接地措施,家用和类似用途电器的安全 真空吸尘器和吸水式清洁器具的特殊要求GB 4706.7-2014,不测：吸水式清洁器具,
181,某检测技术服务有限公司,实际地址,产品质量检验,电子电气-家用电器,真空吸尘器和吸水式清洁器具,机械强度,家用和类似用途电器的安全 真空吸尘器和吸水式清洁器具的特殊要求GB 4706.7-2014,不测：吸水式清洁器具、21载流软管机械强度,
182,某检测技术服务有限公司,实际地址,产品质量检验,电子电气-家用电器,真空吸尘器和吸水式清洁器具,标志和说明,家用和类似用途电器的安全 真空吸尘器和吸水式清洁器具的特殊要求GB 4706.7-2014,不测：吸水式清洁器具,
183,某检测技术服务有限公司,实际地址,产品质量检验,电子电气-家用电器,真空吸尘器和吸水式清洁器具,泄漏电流和电气强度,家用和类似用途电器的安全 真空吸尘器和吸水式清洁器具的特殊要求GB 4706.7-2014,不测：吸水式清洁器具,
184,某检测技术服务有限公司,实际地址,产品质量检验,电子电气-家用电器,真空吸尘器和吸水式清洁器具,电气间隙、爬电距离和固体绝缘,家用和类似用途电器的安全 真空吸尘器和吸水式清洁器具的特殊要求GB 4706.7-2014,不测：吸水式清洁器具,
185,某检测技术服务有限公司,实际地址,产品质量检验,电子电气-家用电器,真空吸尘器和吸水式清洁器具,电源连接和外部软线,家用和类似用途电器的安全 真空吸尘器和吸水式清洁器具的特殊要求GB 4706.7-2014,不测：吸水式清洁器具,
186,某检测技术服务有限公司,实际地址,产品质量检验,电子电气-家用电器,真空吸尘器和吸水式清洁器具,稳定性和机械危险,家用和类似用途电器的安全 真空吸尘器和吸水式清洁器具的特殊要求GB 4706.7-2014,不测：吸水式清洁器具,
187,某检测技术服务有限公司,实际地址,产品质量检验,电子电气-家用电器,真空吸尘器和吸水式清洁器具,结构,家用和类似用途电器的安全 真空吸尘器和吸水式清洁器具的特殊要求GB 4706.7-2014,不测：吸水式清洁器具,
188,某检测技术服务有限公司,实际地址,产品质量检验,电子电气-家用电器,真空吸尘器和吸水式清洁器具,耐潮湿,家用和类似用途电器的安全 真空吸尘器和吸水式清洁器具的特殊要求GB 4706.7-2014,不测：吸水式清洁器具、15.2溢水测试、15.101跌落测试、100cm×100cm×100cm以上的样品,
189,某检测技术服务有限公司,实际地址,产品质量检验,电子电气-家用电器,真空吸尘器和吸水式清洁器具,耐热和耐燃,家用和类似用途电器的安全 真空吸尘器和吸水式清洁器具的特殊要求GB 4706.7-2014,不测：吸水式清洁器具、三相器具,
190,某检测技术服务有限公司,实际地址,产品质量检验,电子电气-家用电器,真空吸尘器和吸水式清洁器具,输入功率和电流,家用和类似用途电器的安全 真空吸尘器和吸水式清洁器具的特殊要求GB 4706.7-2014,不测：吸水式清洁器具,
191,某检测技术服务有限公司,实际地址,产品质量检验,电子电气-家用电器,真空吸尘器和吸水式清洁器具,非正常工作,家用和类似用途电器的安全 真空吸尘器和吸水式清洁器具的特殊要求GB 4706.7-2014,不测：吸水式清洁器具、三相器具,
192,某检测技术服务有限公司,实际地址,产品质量检验,电子电气-照明,手提灯,标记,灯具 第2-8部分:特殊要求 手提灯GB 7000.208-2008,,
193,某检测技术服务有限公司,实际地址,产品质量检验,电子电气-照明,手提灯,爬电距离和电气间隙,灯具 第2-8部分:特殊要求 手提灯GB 7000.208-2008,,
194,某检测技术服务有限公司,实际地址,产品质量检验,电子电气-照明,手提灯,结构,灯具 第2-8部分:特殊要求 手提灯GB 7000.208-2008,不测：6.6.2手提灯冲击试验，其他不测同 GB7000.1-2015,
195,某检测技术服务有限公司,实际地址,产品质量检验,电子电气-照明,手提灯,绝缘电阻和电气强度,灯具 第2-8部分:特殊要求 手提灯GB 7000.208-2008,,
196,某检测技术服务有限公司,实际地址,产品质量检验,电子电气-照明,手提灯,耐久性试验和热试验,灯具 第2-8部分:特殊要求 手提灯GB 7000.208-2008,不测：100cm×100cm×100cm以上的样品的耐久性试验,
197,某检测技术服务有限公司,实际地址,产品质量检验,电子电气-照明,手提灯,耐热，耐火和耐电痕,灯具 第2-8部分:特殊要求 手提灯GB 7000.208-2008,,
198,某检测技术服务有限公司,实际地址,产品质量检验,电子电气-照明,手提灯,防尘和防水,灯具 第2-8部分:特殊要求 手提灯GB 7000.208-2008,不测：100cm×100cm×100cm以上的样品的潮湿试验,
199,某检测技术服务有限公司,实际地址,产品质量检验,电子电气-照明,手提灯,防触电保护,灯具 第2-8部分:特殊要求 手提灯GB 7000.208-2008,,
200,某检测技术服务有限公司,实际地址,产品质量检验,电子电气-EMC,电子电气产品,浪涌（冲击）抗扰度试验,电磁兼容 试验和测量技术 浪涌（冲击）抗扰度试验GB/T 17626.5-2019,不测：4kV以上，三相器具,
201,某检测技术服务有限公司,实际地址,产品质量检验,电子电气-照明,水族箱灯具,外部接线和内部接线,灯具 第2-11部分:特殊要求 水族箱灯具GB 7000.211-2008,,
202,某检测技术服务有限公司,实际地址,产品质量检验,电子电气-照明,水族箱灯具,接地规定,灯具 第2-11部分:特殊要求 水族箱灯具GB 7000.211-2008,,
203,某检测技术服务有限公司,实际地址,产品质量检验,电子电气-照明,水族箱灯具,标记,灯具 第2-11部分:特殊要求 水族箱灯具GB 7000.211-2008,,
204,某检测技术服务有限公司,实际地址,产品质量检验,电子电气-照明,水族箱灯具,爬电距离和电气间隙,灯具 第2-11部分:特殊要求 水族箱灯具GB 7000.211-2008,,
205,某检测技术服务有限公司,实际地址,产品质量检验,电子电气-照明,水族箱灯具,结构,灯具 第2-11部分:特殊要求 水族箱灯具GB 7000.211-2008,不测同 GB7000.1-2015,
206,某检测技术服务有限公司,实际地址,产品质量检验,电子电气-照明,水族箱灯具,绝缘电阻和电气强度,灯具 第2-11部分:特殊要求 水族箱灯具GB 7000.211-2008,,
207,某检测技术服务有限公司,实际地址,产品质量检验,电子电气-照明,水族箱灯具,耐久性试验和热试验,灯具 第2-11部分:特殊要求 水族箱灯具GB 7000.211-2008,不测：100cm×100cm×100cm以上的样品的耐久性试验,
208,某检测技术服务有限公司,实际地址,产品质量检验,电子电气-照明,水族箱灯具,耐热、耐火和耐起痕,灯具 第2-11部分:特殊要求 水族箱灯具GB 7000.211-2008,,
209,某检测技术服务有限公司,实际地址,产品质量检验,电子电气-照明,水族箱灯具,防尘、防固体异物和防水,灯具 第2-11部分:特殊要求 水族箱灯具GB 7000.211-2008,不测：100cm×100cm×100cm以上的样品的潮湿试验,
210,某检测技术服务有限公司,实际地址,产品质量检验,电子电气-照明,水族箱灯具,防触电保护,灯具 第2-11部分:特殊要求 水族箱灯具GB 7000.211-2008,,
211,某检测技术服务有限公司,实际地址,产品质量检验,电子电气-EMC,电子电气产品,电压暂降、短时中断和电压变化的抗扰度试验,电磁兼容 试验和测量技术 电压暂降、短时中断和电压变化的抗扰度试验GB/T 17626.11-2008,不测：三相器具,
212,某检测技术服务有限公司,实际地址,产品质量检验,电子电气-IT,信息技术设备,SELV电路,信息技术设备 安全 第1部分:通用要求GB 4943.1-2011,,
213,某检测技术服务有限公司,实际地址,产品质量检验,电子电气-IT,信息技术设备,一次电路过流保护和接地故障保护,信息技术设备 安全 第1部分:通用要求GB 4943.1-2011,,
214,某检测技术服务有限公司,实际地址,产品质量检验,电子电气-IT,信息技术设备,危险的运动部件的防护,信息技术设备 安全 第1部分:通用要求GB 4943.1-2011,,
215,某检测技术服务有限公司,实际地址,产品质量检验,电子电气-IT,信息技术设备,发热要求,信息技术设备 安全 第1部分:通用要求GB 4943.1-2011,不测：三相器具,
216,某检测技术服务有限公司,实际地址,产品质量检验,电子电气-IT,信息技术设备,受限制电源,信息技术设备 安全 第1部分:通用要求GB 4943.1-2011,,
217,某检测技术服务有限公司,实际地址,产品质量检验,电子电气-IT,信息技术设备,外壳的开孔,信息技术设备 安全 第1部分:通用要求GB 4943.1-2011,不测：4.6.2 灼热燃油试验A.3,
218,某检测技术服务有限公司,实际地址,产品质量检验,电子电气-IT,信息技术设备,布线连接和供电基本要求,信息技术设备 安全 第1部分:通用要求GB 4943.1-2011,,
219,某检测技术服务有限公司,实际地址,产品质量检验,电子电气-IT,信息技术设备,异常工作和故障条件,信息技术设备 安全 第1部分:通用要求GB 4943.1-2011,不测：三相器具,
220,某检测技术服务有限公司,实际地址,产品质量检验,电子电气-IT,信息技术设备,抗电强度,信息技术设备 安全 第1部分:通用要求GB 4943.1-2011,,
221,某检测技术服务有限公司,实际地址,产品质量检验,电子电气-IT,信息技术设备,接地和连接保护措施,信息技术设备 安全 第1部分:通用要求GB 4943.1-2011,,
222,某检测技术服务有限公司,实际地址,产品质量检验,电子电气-IT,信息技术设备,接触电流和保护导体电流,信息技术设备 安全 第1部分:通用要求GB 4943.1-2011,不测：三相器具,
223,某检测技术服务有限公司,实际地址,产品质量检验,电子电气-IT,信息技术设备,机械强度,信息技术设备 安全 第1部分:通用要求GB 4943.1-2011,不测：阴极射线管的机械强度,
224,某检测技术服务有限公司,实际地址,产品质量检验,电子电气-IT,信息技术设备,标志和说明,信息技术设备 安全 第1部分:通用要求GB 4943.1-2011,,
225,某检测技术服务有限公司,实际地址,产品质量检验,电子电气-IT,信息技术设备,电击和能量危险的防护,信息技术设备 安全 第1部分:通用要求GB 4943.1-2011,,
226,某检测技术服务有限公司,实际地址,产品质量检验,电子电气-IT,信息技术设备,电气绝缘,信息技术设备 安全 第1部分:通用要求GB 4943.1-2011,,
227,某检测技术服务有限公司,实际地址,产品质量检验,电子电气-IT,信息技术设备,电气间隙、爬电距离和绝缘穿透距离,信息技术设备 安全 第1部分:通用要求GB 4943.1-2011,不测：2.10.3.8 来自通信网络和电缆分配系统的瞬态值，2.10.3.9 瞬态电压的测量，2.10.5.4 半导体器件，2.10.5.12 (附录U) 无需使用隔层绝缘的绝缘绕组线，2.10.6.2 涂覆的印制板，2.10.7 组件的外部接线端子，2.10.8 涂覆印制板和涂覆元器件的试验，2.10.12 封装的和密封,
228,某检测技术服务有限公司,实际地址,产品质量检验,电子电气-IT,信息技术设备,稳定性,信息技术设备 安全 第1部分:通用要求GB 4943.1-2011,不测：800N 恒定向下的力,
229,某检测技术服务有限公司,实际地址,产品质量检验,电子电气-IT,信息技术设备,防火,信息技术设备 安全 第1部分:通用要求GB 4943.1-2011,,
230,某检测技术服务有限公司,实际地址,产品质量检验,电子电气-IT,信息技术设备,限流电路,信息技术设备 安全 第1部分:通用要求GB 4943.1-2011,,
231,某检测技术服务有限公司,实际地址,产品质量检验,电子电气-照明,灯的控制装置,介电强度,灯的控制装置 第1部分:一般要求和安全要求GB 19510.1-2009,不测：5000V以上交流耐压,
232,某检测技术服务有限公司,实际地址,产品质量检验,电子电气-照明,灯的控制装置,保护接地装置,灯的控制装置 第1部分:一般要求和安全要求GB 19510.1-2009,,
233,某检测技术服务有限公司,实际地址,产品质量检验,电子电气-照明,灯的控制装置,双重绝缘或加强绝缘的内装式电感镇流器的补充要求,灯的控制装置 第1部分:一般要求和安全要求GB 19510.1-2009,不测：高压冲击试验（附录I.11）,
234,某检测技术服务有限公司,实际地址,产品质量检验,电子电气-照明,灯的控制装置,带热保护器的灯的电子控制装置的特殊要求,灯的控制装置 第1部分:一般要求和安全要求GB 19510.1-2009,,
235,某检测技术服务有限公司,实际地址,产品质量检验,电子电气-照明,灯的控制装置,故障状态,灯的控制装置 第1部分:一般要求和安全要求GB 19510.1-2009,,
236,某检测技术服务有限公司,实际地址,产品质量检验,电子电气-照明,灯的控制装置,无负载输出电压,灯的控制装置 第1部分:一般要求和安全要求GB 19510.1-2009,,
237,某检测技术服务有限公司,实际地址,产品质量检验,电子电气-照明,灯的控制装置,标志,灯的控制装置 第1部分:一般要求和安全要求GB 19510.1-2009,,
238,某检测技术服务有限公司,实际地址,产品质量检验,电子电气-照明,灯的控制装置,热保护式灯的控制装置的特殊要求,灯的控制装置 第1部分:一般要求和安全要求GB 19510.1-2009,,
239,某检测技术服务有限公司,实际地址,产品质量检验,电子电气-照明,灯的控制装置,爬电距离和电气间隙,灯的控制装置 第1部分:一般要求和安全要求GB 19510.1-2009,,
240,某检测技术服务有限公司,实际地址,产品质量检验,电子电气-照明,灯的控制装置,结构,灯的控制装置 第1部分:一般要求和安全要求GB 19510.1-2009,,
241,某检测技术服务有限公司,实际地址,产品质量检验,电子电气-照明,灯的控制装置,耐热、防火及耐漏电起痕,灯的控制装置 第1部分:一般要求和安全要求GB 19510.1-2009,,
242,某检测技术服务有限公司,实际地址,产品质量检验,电子电气-照明,灯的控制装置,螺钉、载流部件和连接件,灯的控制装置 第1部分:一般要求和安全要求GB 19510.1-2009,,
243,某检测技术服务有限公司,实际地址,产品质量检验,电子电气-照明,灯的控制装置,镇流器绕组的耐热试验,灯的控制装置 第1部分:一般要求和安全要求GB 19510.1-2009,,
244,某检测技术服务有限公司,实际地址,产品质量检验,电子电气-照明,灯的控制装置,防止意外接触带电部件的措施,灯的控制装置 第1部分:一般要求和安全要求GB 19510.1-2009,,
245,某检测技术服务有限公司,实际地址,产品质量检验,电子电气-照明,灯的控制装置,防潮与绝缘,灯的控制装置 第1部分:一般要求和安全要求GB 19510.1-2009,,
246,某检测技术服务有限公司,实际地址,产品质量检验,电子电气-照明,电源插座安装的夜灯,外部接线和内部接线,灯具 第2-12部分:特殊要求 电源插座安装的夜灯GB 7000.212-2008,,
247,某检测技术服务有限公司,实际地址,产品质量检验,电子电气-照明,电源插座安装的夜灯,接地规定,灯具 第2-12部分:特殊要求 电源插座安装的夜灯GB 7000.212-2008,,
248,某检测技术服务有限公司,实际地址,产品质量检验,电子电气-照明,电源插座安装的夜灯,无螺纹接线端子,灯具 第2-12部分:特殊要求 电源插座安装的夜灯GB 7000.212-2008,,
249,某检测技术服务有限公司,实际地址,产品质量检验,电子电气-照明,电源插座安装的夜灯,标记,灯具 第2-12部分:特殊要求 电源插座安装的夜灯GB 7000.212-2008,,
250,某检测技术服务有限公司,实际地址,产品质量检验,电子电气-照明,电源插座安装的夜灯,爬电距离和电气间隙,灯具 第2-12部分:特殊要求 电源插座安装的夜灯GB 7000.212-2008,,
251,某检测技术服务有限公司,实际地址,产品质量检验,电子电气-照明,电源插座安装的夜灯,结构,灯具 第2-12部分:特殊要求 电源插座安装的夜灯GB 7000.212-2008,不测同 GB7000.1-2015,
252,某检测技术服务有限公司,实际地址,产品质量检验,电子电气-照明,电源插座安装的夜灯,绝缘电阻和电气强度,灯具 第2-12部分:特殊要求 电源插座安装的夜灯GB 7000.212-2008,,
253,某检测技术服务有限公司,实际地址,产品质量检验,电子电气-照明,电源插座安装的夜灯,耐久性试验和热试验,灯具 第2-12部分:特殊要求 电源插座安装的夜灯GB 7000.212-2008,不测：100cm×100cm×100cm以上的样品的耐久性试验,
254,某检测技术服务有限公司,实际地址,产品质量检验,电子电气-照明,电源插座安装的夜灯,耐热、耐火和耐电痕,灯具 第2-12部分:特殊要求 电源插座安装的夜灯GB 7000.212-2008,,
255,某检测技术服务有限公司,实际地址,产品质量检验,电子电气-照明,电源插座安装的夜灯,防尘、防固体异物和防水,灯具 第2-12部分:特殊要求 电源插座安装的夜灯GB 7000.212-2008,不测：100cm×100cm×100cm以上的样品的潮湿试验,
256,某检测技术服务有限公司,实际地址,产品质量检验,电子电气-照明,电源插座安装的夜灯,防触电保护,灯具 第2-12部分:特殊要求 电源插座安装的夜灯GB 7000.212-2008,,
257,某检测技术服务有限公司,实际地址,产品质量检验,电子电气-家用电器,厨房机械,内部布线,家用和类似用途电器的安全 厨房机械的特殊要求GB 4706.30-2008,,
258,某检测技术服务有限公司,实际地址,产品质量检验,电子电气-家用电器,厨房机械,发热,家用和类似用途电器的安全 厨房机械的特殊要求GB 4706.30-2008,不测：三相器具,
259,某检测技术服务有限公司,实际地址,产品质量检验,电子电气-家用电器,厨房机械,变压器和相关电路的过载保护,家用和类似用途电器的安全 厨房机械的特殊要求GB 4706.30-2008,不测：三相器具,
260,某检测技术服务有限公司,实际地址,产品质量检验,电子电气-家用电器,厨房机械,外部导线用接线端子,家用和类似用途电器的安全 厨房机械的特殊要求GB 4706.30-2008,,
261,某检测技术服务有限公司,实际地址,产品质量检验,电子电气-家用电器,厨房机械,对触及带电部件的防护,家用和类似用途电器的安全 厨房机械的特殊要求GB 4706.30-2008,,
262,某检测技术服务有限公司,实际地址,产品质量检验,电子电气-家用电器,厨房机械,工作温度下的泄漏电流和电气强度,家用和类似用途电器的安全 厨房机械的特殊要求GB 4706.30-2008,不测：三相器具,
263,某检测技术服务有限公司,实际地址,产品质量检验,电子电气-家用电器,厨房机械,接地措施,家用和类似用途电器的安全 厨房机械的特殊要求GB 4706.30-2008,不测：嵌入式加热器,
264,某检测技术服务有限公司,实际地址,产品质量检验,电子电气-家用电器,厨房机械,机械强度,家用和类似用途电器的安全 厨房机械的特殊要求GB 4706.30-2008,,
265,某检测技术服务有限公司,实际地址,产品质量检验,电子电气-家用电器,厨房机械,标志和说明,家用和类似用途电器的安全 厨房机械的特殊要求GB 4706.30-2008,,
266,某检测技术服务有限公司,实际地址,产品质量检验,电子电气-家用电器,厨房机械,泄漏电流和电气强度,家用和类似用途电器的安全 厨房机械的特殊要求GB 4706.30-2008,,
267,某检测技术服务有限公司,实际地址,产品质量检验,电子电气-家用电器,厨房机械,电气间隙、爬电距离和固体绝缘,家用和类似用途电器的安全 厨房机械的特殊要求GB 4706.30-2008,,
268,某检测技术服务有限公司,实际地址,产品质量检验,电子电气-家用电器,厨房机械,电源连接和外部软线,家用和类似用途电器的安全 厨房机械的特殊要求GB 4706.30-2008,,
269,某检测技术服务有限公司,实际地址,产品质量检验,电子电气-家用电器,厨房机械,稳定性和机械危险,家用和类似用途电器的安全 厨房机械的特殊要求GB 4706.30-2008,,
270,某检测技术服务有限公司,实际地址,产品质量检验,电子电气-家用电器,厨房机械,结构,家用和类似用途电器的安全 厨房机械的特殊要求GB 4706.30-2008,,
271,某检测技术服务有限公司,实际地址,产品质量检验,电子电气-家用电器,厨房机械,耐潮湿,家用和类似用途电器的安全 厨房机械的特殊要求GB 4706.30-2008,不测：100cm×100cm×100cm以上的样品,
272,某检测技术服务有限公司,实际地址,产品质量检验,电子电气-家用电器,厨房机械,耐热和耐燃,家用和类似用途电器的安全 厨房机械的特殊要求GB 4706.30-2008,不测：三相器具,
273,某检测技术服务有限公司,实际地址,产品质量检验,电子电气-家用电器,厨房机械,螺钉和连接,家用和类似用途电器的安全 厨房机械的特殊要求GB 4706.30-2008,,
274,某检测技术服务有限公司,实际地址,产品质量检验,电子电气-家用电器,厨房机械,输入功率和电流,家用和类似用途电器的安全 厨房机械的特殊要求GB 4706.30-2008,不测：三相器具,
275,某检测技术服务有限公司,实际地址,产品质量检验,电子电气-家用电器,厨房机械,非正常工作,家用和类似用途电器的安全 厨房机械的特殊要求GB 4706.30-2008,不测：三相器具,
276,某检测技术服务有限公司,实际地址,产品质量检验,电子电气-EMC,声音和电视广播接收机及有关设备,电源端骚扰电压测量,声音和电视广播接收机及有关设备无线电骚扰特性限值和测量方法GB/T 13837-2012,不测：三相器具,
277,某检测技术服务有限公司,实际地址,产品质量检验,电子电气-照明,地面嵌入式灯具,外部和内部接线,灯具 第2-13部分:特殊要求 地面嵌入式灯具GB 7000.213-2008,,
278,某检测技术服务有限公司,实际地址,产品质量检验,电子电气-照明,地面嵌入式灯具,接地规定,灯具 第2-13部分:特殊要求 地面嵌入式灯具GB 7000.213-2008,,
279,某检测技术服务有限公司,实际地址,产品质量检验,电子电气-照明,地面嵌入式灯具,标记,灯具 第2-13部分:特殊要求 地面嵌入式灯具GB 7000.213-2008,,
280,某检测技术服务有限公司,实际地址,产品质量检验,电子电气-照明,地面嵌入式灯具,爬电距离和电气间隙,灯具 第2-13部分:特殊要求 地面嵌入式灯具GB 7000.213-2008,,
281,某检测技术服务有限公司,实际地址,产品质量检验,电子电气-照明,地面嵌入式灯具,结构,灯具 第2-13部分:特殊要求 地面嵌入式灯具GB 7000.213-2008,不测：6.1耐静负荷，6.2抗扭矩和剪力负荷，其他不测同 GB7000.1-2015,
282,某检测技术服务有限公司,实际地址,产品质量检验,电子电气-照明,地面嵌入式灯具,绝缘电阻和电气强度,灯具 第2-13部分:特殊要求 地面嵌入式灯具GB 7000.213-2008,,
283,某检测技术服务有限公司,实际地址,产品质量检验,电子电气-照明,地面嵌入式灯具,耐久性试验和热试验,灯具 第2-13部分:特殊要求 地面嵌入式灯具GB 7000.213-2008,不测：100cm×100cm×100cm以上的样品的耐久性试验,
284,某检测技术服务有限公司,实际地址,产品质量检验,电子电气-照明,地面嵌入式灯具,耐热、耐火和耐电痕,灯具 第2-13部分:特殊要求 地面嵌入式灯具GB 7000.213-2008,,
285,某检测技术服务有限公司,实际地址,产品质量检验,电子电气-照明,地面嵌入式灯具,防尘、防固体异物和防水,灯具 第2-13部分:特殊要求 地面嵌入式灯具GB 7000.213-2008,不测：100cm×100cm×100cm以上的样品的潮湿试验,
286,某检测技术服务有限公司,实际地址,产品质量检验,电子电气-照明,地面嵌入式灯具,防触电保护,灯具 第2-13部分:特殊要求 地面嵌入式灯具GB 7000.213-2008,,
287,某检测技术服务有限公司,实际地址,产品质量检验,电子电气-家用电器,按摩器具,内部布线,家用和类似用途电器的安全 按摩器具的特殊要求GB 4706.10-2008,不测：打算用于坐着的人脚下的器具、按摩垫、按摩床、按摩带,
288,某检测技术服务有限公司,实际地址,产品质量检验,电子电气-家用电器,按摩器具,发热,家用和类似用途电器的安全 按摩器具的特殊要求GB 4706.10-2008,不测：打算用于坐着的人脚下的器具、按摩垫、按摩床、按摩带、三相器具,
289,某检测技术服务有限公司,实际地址,产品质量检验,电子电气-家用电器,按摩器具,变压器和相关电路的过载保护,家用和类似用途电器的安全 按摩器具的特殊要求GB 4706.10-2008,不测：打算用于坐着的人脚下的器具、按摩垫、按摩床、按摩带、三相器具,
290,某检测技术服务有限公司,实际地址,产品质量检验,电子电气-家用电器,按摩器具,外部导线用接线端子,家用和类似用途电器的安全 按摩器具的特殊要求GB 4706.10-2008,不测：打算用于坐着的人脚下的器具、按摩垫、按摩床、按摩带,
291,某检测技术服务有限公司,实际地址,产品质量检验,电子电气-家用电器,按摩器具,对触及带电部件的防护,家用和类似用途电器的安全 按摩器具的特殊要求GB 4706.10-2008,不测：打算用于坐着的人脚下的器具、按摩垫、按摩床、按摩带,
292,某检测技术服务有限公司,实际地址,产品质量检验,电子电气-家用电器,按摩器具,工作温度下的泄漏电流和电气强度,家用和类似用途电器的安全 按摩器具的特殊要求GB 4706.10-2008,不测：打算用于坐着的人脚下的器具、按摩垫、按摩床、按摩带、三相器具,
293,某检测技术服务有限公司,实际地址,产品质量检验,电子电气-家用电器,按摩器具,接地措施,家用和类似用途电器的安全 按摩器具的特殊要求GB 4706.10-2008,不测：打算用于坐着的人脚下的器具、按摩垫、按摩床、按摩带,
294,某检测技术服务有限公司,实际地址,产品质量检验,电子电气-家用电器,按摩器具,机械强度,家用和类似用途电器的安全 按摩器具的特殊要求GB 4706.10-2008,不测：打算用于坐着的人脚下的器具、按摩垫、按摩床、按摩带,
295,某检测技术服务有限公司,实际地址,产品质量检验,电子电气-家用电器,按摩器具,标志和说明,家用和类似用途电器的安全 按摩器具的特殊要求GB 4706.10-2008,不测：打算用于坐着的人脚下的器具、按摩垫、按摩床、按摩带,
296,某检测技术服务有限公司,实际地址,产品质量检验,电子电气-家用电器,按摩器具,泄漏电流和电气强度,家用和类似用途电器的安全 按摩器具的特殊要求GB 4706.10-2008,不测：打算用于坐着的人脚下的器具、按摩垫、按摩床、按摩带,
297,某检测技术服务有限公司,实际地址,产品质量检验,电子电气-家用电器,按摩器具,电气间隙、爬电距离和固体绝缘,家用和类似用途电器的安全 按摩器具的特殊要求GB 4706.10-2008,不测：打算用于坐着的人脚下的器具、按摩垫、按摩床、按摩带,
298,某检测技术服务有限公司,实际地址,产品质量检验,电子电气-家用电器,按摩器具,电源连接和外部软线,家用和类似用途电器的安全 按摩器具的特殊要求GB 4706.10-2008,不测：打算用于坐着的人脚下的器具、按摩垫、按摩床、按摩带,
299,某检测技术服务有限公司,实际地址,产品质量检验,电子电气-家用电器,按摩器具,稳定性和机械危险,家用和类似用途电器的安全 按摩器具的特殊要求GB 4706.10-2008,不测：打算用于坐着的人脚下的器具、按摩垫、按摩床、按摩带,
300,某检测技术服务有限公司,实际地址,产品质量检验,电子电气-家用电器,按摩器具,结构,家用和类似用途电器的安全 按摩器具的特殊要求GB 4706.10-2008,不测：打算用于坐着的人脚下的器具、按摩垫、按摩床、按摩带,
301,某检测技术服务有限公司,实际地址,产品质量检验,电子电气-家用电器,按摩器具,耐潮湿,家用和类似用途电器的安全 按摩器具的特殊要求GB 4706.10-2008,不测：打算用于坐着的人脚下的器具、按摩垫、按摩床、按摩带、100cm×100cm×100cm以上的样品,
302,某检测技术服务有限公司,实际地址,产品质量检验,电子电气-家用电器,按摩器具,耐热和耐燃,家用和类似用途电器的安全 按摩器具的特殊要求GB 4706.10-2008,不测：打算用于坐着的人脚下的器具、按摩垫、按摩床、按摩带、三相器具,
303,某检测技术服务有限公司,实际地址,产品质量检验,电子电气-家用电器,按摩器具,螺钉和连接,家用和类似用途电器的安全 按摩器具的特殊要求GB 4706.10-2008,不测：打算用于坐着的人脚下的器具、按摩垫、按摩床、按摩带,
304,某检测技术服务有限公司,实际地址,产品质量检验,电子电气-家用电器,按摩器具,输入功率和电流,家用和类似用途电器的安全 按摩器具的特殊要求GB 4706.10-2008,测：打算用于坐着的人脚下的器具、按摩垫、按摩床、按摩带、三相器具,
305,某检测技术服务有限公司,实际地址,产品质量检验,电子电气-家用电器,按摩器具,非正常工作,家用和类似用途电器的安全 按摩器具的特殊要求GB 4706.10-2008,不测：打算用于坐着的人脚下的器具、按摩垫、按摩床、按摩带、三相器具,
306,某检测技术服务有限公司,实际地址,产品质量检验,电子电气-家用电器,液体加热器,内部布线,家用和类似用途电器的安全 液体加热器的特殊要求GB 4706.19-2008,不测:压力锅,
307,某检测技术服务有限公司,实际地址,产品质量检验,电子电气-家用电器,液体加热器,发热,家用和类似用途电器的安全 液体加热器的特殊要求GB 4706.19-2008,不测:压力锅、三相器具,
308,某检测技术服务有限公司,实际地址,产品质量检验,电子电气-家用电器,液体加热器,变压器和相关电路的过载保护,家用和类似用途电器的安全 液体加热器的特殊要求GB 4706.19-2008,不测:压力锅、三相器具,
309,某检测技术服务有限公司,实际地址,产品质量检验,电子电气-家用电器,液体加热器,外部导线用接线端子,家用和类似用途电器的安全 液体加热器的特殊要求GB 4706.19-2008,不测:压力锅,
310,某检测技术服务有限公司,实际地址,产品质量检验,电子电气-家用电器,液体加热器,对触及带电部件的防护,家用和类似用途电器的安全 液体加热器的特殊要求GB 4706.19-2008,不测:压力锅,
311,某检测技术服务有限公司,实际地址,产品质量检验,电子电气-家用电器,液体加热器,工作温度下的泄漏电流和电气强度,家用和类似用途电器的安全 液体加热器的特殊要求GB 4706.19-2008,不测:压力锅、三相器具,
312,某检测技术服务有限公司,实际地址,产品质量检验,电子电气-家用电器,液体加热器,接地措施,家用和类似用途电器的安全 液体加热器的特殊要求GB 4706.19-2008,不测:压力锅,
313,某检测技术服务有限公司,实际地址,产品质量检验,电子电气-家用电器,液体加热器,机械强度,家用和类似用途电器的安全 液体加热器的特殊要求GB 4706.19-2008,不测:压力锅,
314,某检测技术服务有限公司,实际地址,产品质量检验,电子电气-家用电器,液体加热器,标志和说明,家用和类似用途电器的安全 液体加热器的特殊要求GB 4706.19-2008,不测:压力锅,
315,某检测技术服务有限公司,实际地址,产品质量检验,电子电气-家用电器,液体加热器,泄漏电流和电气强度,家用和类似用途电器的安全 液体加热器的特殊要求GB 4706.19-2008,不测:压力锅,
316,某检测技术服务有限公司,实际地址,产品质量检验,电子电气-家用电器,液体加热器,电气间隙、爬电距离和固体绝缘,家用和类似用途电器的安全 液体加热器的特殊要求GB 4706.19-2008,不测:压力锅,
317,某检测技术服务有限公司,实际地址,产品质量检验,电子电气-家用电器,液体加热器,电源连接和外部软线,家用和类似用途电器的安全 液体加热器的特殊要求GB 4706.19-2008,不测:压力锅,
318,某检测技术服务有限公司,实际地址,产品质量检验,电子电气-家用电器,液体加热器,稳定性和机械危险,家用和类似用途电器的安全 液体加热器的特殊要求GB 4706.19-2008,不测:压力锅,
319,某检测技术服务有限公司,实际地址,产品质量检验,电子电气-家用电器,液体加热器,结构,家用和类似用途电器的安全 液体加热器的特殊要求GB 4706.19-2008,不测:压力锅,
320,某检测技术服务有限公司,实际地址,产品质量检验,电子电气-家用电器,液体加热器,耐潮湿,家用和类似用途电器的安全 液体加热器的特殊要求GB 4706.19-2008,不测:压力锅、100cm×100cm×100cm以上的样品,
321,某检测技术服务有限公司,实际地址,产品质量检验,电子电气-家用电器,液体加热器,耐热和耐燃,家用和类似用途电器的安全 液体加热器的特殊要求GB 4706.19-2008,不测:压力锅、三相器具,
322,某检测技术服务有限公司,实际地址,产品质量检验,电子电气-家用电器,液体加热器,螺钉和连接,家用和类似用途电器的安全 液体加热器的特殊要求GB 4706.19-2008,不测:压力锅,
323,某检测技术服务有限公司,实际地址,产品质量检验,电子电气-家用电器,液体加热器,输入功率和电流,家用和类似用途电器的安全 液体加热器的特殊要求GB 4706.19-2008,不测：三相器具,
324,某检测技术服务有限公司,实际地址,产品质量检验,电子电气-家用电器,液体加热器,非正常工作,家用和类似用途电器的安全 液体加热器的特殊要求GB 4706.19-2008,不测:压力锅、三相器具,
325,某检测技术服务有限公司,实际地址,产品质量检验,电子电气-家用电器,烤架、面包片烘烤器及类似用途便携式烹饪器具,内部布线,家用和类似用途电器的安全 烤架、面包片烘烤器及类似用途便携式烹饪器具的特殊要求GB 4706.14-2008,不测：旋转烤架和灶头类产品,
326,某检测技术服务有限公司,实际地址,产品质量检验,电子电气-家用电器,烤架、面包片烘烤器及类似用途便携式烹饪器具,发热,家用和类似用途电器的安全 烤架、面包片烘烤器及类似用途便携式烹饪器具的特殊要求GB 4706.14-2008,不测：旋转烤架和灶头类产品、三相器具,
327,某检测技术服务有限公司,实际地址,产品质量检验,电子电气-家用电器,烤架、面包片烘烤器及类似用途便携式烹饪器具,变压器和相关电路的过载保护,家用和类似用途电器的安全 烤架、面包片烘烤器及类似用途便携式烹饪器具的特殊要求GB 4706.14-2008,不测：旋转烤架和灶头类产品、三相器具,
328,某检测技术服务有限公司,实际地址,产品质量检验,电子电气-家用电器,烤架、面包片烘烤器及类似用途便携式烹饪器具,外部导线用接线端子,家用和类似用途电器的安全 烤架、面包片烘烤器及类似用途便携式烹饪器具的特殊要求GB 4706.14-2008,不测：旋转烤架和灶头类产品,
329,某检测技术服务有限公司,实际地址,产品质量检验,电子电气-家用电器,烤架、面包片烘烤器及类似用途便携式烹饪器具,对触及带电部件的防护,家用和类似用途电器的安全 烤架、面包片烘烤器及类似用途便携式烹饪器具的特殊要求GB 4706.14-2008,不测：旋转烤架和灶头类产品,
330,某检测技术服务有限公司,实际地址,产品质量检验,电子电气-家用电器,烤架、面包片烘烤器及类似用途便携式烹饪器具,工作温度下的泄漏电流和电气强度,家用和类似用途电器的安全 烤架、面包片烘烤器及类似用途便携式烹饪器具的特殊要求GB 4706.14-2008,不测：旋转烤架和灶头类产品、三相器具,
331,某检测技术服务有限公司,实际地址,产品质量检验,电子电气-家用电器,烤架、面包片烘烤器及类似用途便携式烹饪器具,接地措施,家用和类似用途电器的安全 烤架、面包片烘烤器及类似用途便携式烹饪器具的特殊要求GB 4706.14-2008,不测：旋转烤架和灶头类产品,
332,某检测技术服务有限公司,实际地址,产品质量检验,电子电气-家用电器,烤架、面包片烘烤器及类似用途便携式烹饪器具,机械强度,家用和类似用途电器的安全 烤架、面包片烘烤器及类似用途便携式烹饪器具的特殊要求GB 4706.14-2008,不测：旋转烤架和灶头类产品,
333,某检测技术服务有限公司,实际地址,产品质量检验,电子电气-家用电器,烤架、面包片烘烤器及类似用途便携式烹饪器具,标志和说明,家用和类似用途电器的安全 烤架、面包片烘烤器及类似用途便携式烹饪器具的特殊要求GB 4706.14-2008,不测：旋转烤架和灶头类产品,
334,某检测技术服务有限公司,实际地址,产品质量检验,电子电气-家用电器,烤架、面包片烘烤器及类似用途便携式烹饪器具,泄漏电流和电气强度,家用和类似用途电器的安全 烤架、面包片烘烤器及类似用途便携式烹饪器具的特殊要求GB 4706.14-2008,不测：旋转烤架和灶头类产品,
335,某检测技术服务有限公司,实际地址,产品质量检验,电子电气-家用电器,烤架、面包片烘烤器及类似用途便携式烹饪器具,电气间隙、爬电距离和固体绝缘,家用和类似用途电器的安全 烤架、面包片烘烤器及类似用途便携式烹饪器具的特殊要求GB 4706.14-2008,不测：旋转烤架和灶头类产品,
336,某检测技术服务有限公司,实际地址,产品质量检验,电子电气-家用电器,烤架、面包片烘烤器及类似用途便携式烹饪器具,电源连接和外部软线,家用和类似用途电器的安全 烤架、面包片烘烤器及类似用途便携式烹饪器具的特殊要求GB 4706.14-2008,不测：旋转烤架和灶头类产品,
337,某检测技术服务有限公司,实际地址,产品质量检验,电子电气-家用电器,烤架、面包片烘烤器及类似用途便携式烹饪器具,稳定性和机械危险,家用和类似用途电器的安全 烤架、面包片烘烤器及类似用途便携式烹饪器具的特殊要求GB 4706.14-2008,不测：旋转烤架和灶头类产品,
338,某检测技术服务有限公司,实际地址,产品质量检验,电子电气-家用电器,烤架、面包片烘烤器及类似用途便携式烹饪器具,结构,家用和类似用途电器的安全 烤架、面包片烘烤器及类似用途便携式烹饪器具的特殊要求GB 4706.14-2008,不测：旋转烤架和灶头类产品,
339,某检测技术服务有限公司,实际地址,产品质量检验,电子电气-家用电器,烤架、面包片烘烤器及类似用途便携式烹饪器具,耐潮湿,家用和类似用途电器的安全 烤架、面包片烘烤器及类似用途便携式烹饪器具的特殊要求GB 4706.14-2008,不测：旋转烤架和灶头类产品、100cm×100cm×100cm以上的样品,
340,某检测技术服务有限公司,实际地址,产品质量检验,电子电气-家用电器,烤架、面包片烘烤器及类似用途便携式烹饪器具,耐热和耐燃,家用和类似用途电器的安全 烤架、面包片烘烤器及类似用途便携式烹饪器具的特殊要求GB 4706.14-2008,不测：旋转烤架和灶头类产品、三相器具,
341,某检测技术服务有限公司,实际地址,产品质量检验,电子电气-家用电器,烤架、面包片烘烤器及类似用途便携式烹饪器具,螺钉和连接,家用和类似用途电器的安全 烤架、面包片烘烤器及类似用途便携式烹饪器具的特殊要求GB 4706.14-2008,不测：旋转烤架和灶头类产品,
342,某检测技术服务有限公司,实际地址,产品质量检验,电子电气-家用电器,烤架、面包片烘烤器及类似用途便携式烹饪器具,输入功率和电流,家用和类似用途电器的安全 烤架、面包片烘烤器及类似用途便携式烹饪器具的特殊要求GB 4706.14-2008,不测：旋转烤架和灶头类产品、三相器具,
343,某检测技术服务有限公司,实际地址,产品质量检验,电子电气-家用电器,烤架、面包片烘烤器及类似用途便携式烹饪器具,非正常工作,家用和类似用途电器的安全 烤架、面包片烘烤器及类似用途便携式烹饪器具的特殊要求GB 4706.14-2008,不测：旋转烤架和灶头类产品、三相器具,
344,某检测技术服务有限公司,实际地址,产品质量检验,电子电气-家用电器,电池充电器,内部布线,家用和类似用途电器的安全 电池充电器的特殊要求GB 4706.18-2014,,
345,某检测技术服务有限公司,实际地址,产品质量检验,电子电气-家用电器,电池充电器,发热,家用和类似用途电器的安全 电池充电器的特殊要求GB 4706.18-2014,不测：三相器具,
346,某检测技术服务有限公司,实际地址,产品质量检验,电子电气-家用电器,电池充电器,变压器和相关电路的过载保护,家用和类似用途电器的安全 电池充电器的特殊要求GB 4706.18-2014,不测：三相器具,
347,某检测技术服务有限公司,实际地址,产品质量检验,电子电气-家用电器,电池充电器,外部导线用接线端子,家用和类似用途电器的安全 电池充电器的特殊要求GB 4706.18-2014,,
348,某检测技术服务有限公司,实际地址,产品质量检验,电子电气-家用电器,电池充电器,对触及带电部件的防护,家用和类似用途电器的安全 电池充电器的特殊要求GB 4706.18-2014,,
349,某检测技术服务有限公司,实际地址,产品质量检验,电子电气-家用电器,电池充电器,工作温度下的泄漏电流和电气强度,家用和类似用途电器的安全 电池充电器的特殊要求GB 4706.18-2014,不测：三相器具,
350,某检测技术服务有限公司,实际地址,产品质量检验,电子电气-家用电器,电池充电器,接地措施,家用和类似用途电器的安全 电池充电器的特殊要求GB 4706.18-2014,,
351,某检测技术服务有限公司,实际地址,产品质量检验,电子电气-家用电器,电池充电器,机械强度,家用和类似用途电器的安全 电池充电器的特殊要求GB 4706.18-2014,不测:21.102振动测试,
352,某检测技术服务有限公司,实际地址,产品质量检验,电子电气-家用电器,电池充电器,标志和说明,家用和类似用途电器的安全 电池充电器的特殊要求GB 4706.18-2014,,
353,某检测技术服务有限公司,实际地址,产品质量检验,电子电气-家用电器,电池充电器,泄漏电流和电气强度,家用和类似用途电器的安全 电池充电器的特殊要求GB 4706.18-2014,,
354,某检测技术服务有限公司,实际地址,产品质量检验,电子电气-家用电器,电池充电器,电气间隙、爬电距离和固体绝缘,家用和类似用途电器的安全 电池充电器的特殊要求GB 4706.18-2014,,
355,某检测技术服务有限公司,实际地址,产品质量检验,电子电气-家用电器,电池充电器,电源连接和外部软线,家用和类似用途电器的安全 电池充电器的特殊要求GB 4706.18-2014,,
356,某检测技术服务有限公司,实际地址,产品质量检验,电子电气-家用电器,电池充电器,稳定性和机械危险,家用和类似用途电器的安全 电池充电器的特殊要求GB 4706.18-2014,,
357,某检测技术服务有限公司,实际地址,产品质量检验,电子电气-家用电器,电池充电器,结构,家用和类似用途电器的安全 电池充电器的特殊要求GB 4706.18-2014,,
358,某检测技术服务有限公司,实际地址,产品质量检验,电子电气-家用电器,电池充电器,耐潮湿,家用和类似用途电器的安全 电池充电器的特殊要求GB 4706.18-2014,不测：100cm×100cm×100cm以上的样品,
359,某检测技术服务有限公司,实际地址,产品质量检验,电子电气-家用电器,电池充电器,耐热和耐燃,家用和类似用途电器的安全 电池充电器的特殊要求GB 4706.18-2014,不测：三相器具,
360,某检测技术服务有限公司,实际地址,产品质量检验,电子电气-家用电器,电池充电器,螺钉和连接,家用和类似用途电器的安全 电池充电器的特殊要求GB 4706.18-2014,,
361,某检测技术服务有限公司,实际地址,产品质量检验,电子电气-家用电器,电池充电器,输入功率和电流,家用和类似用途电器的安全 电池充电器的特殊要求GB 4706.18-2014,不测：三相器具,
362,某检测技术服务有限公司,实际地址,产品质量检验,电子电气-家用电器,电池充电器,非正常工作,家用和类似用途电器的安全 电池充电器的特殊要求GB 4706.18-2014,不测：三相器具,
363,某检测技术服务有限公司,实际地址,产品质量检验,电子电气-家用电器,皮肤及毛发护理器具,内部布线,家用和类似用途电器的安全 皮肤及毛发护理器具的特殊要求GB 4706.15-2008,不测：可拆卷发器的加热器、头盔式干发器、装有旋转连接器器具,
364,某检测技术服务有限公司,实际地址,产品质量检验,电子电气-家用电器,皮肤及毛发护理器具,发热,家用和类似用途电器的安全 皮肤及毛发护理器具的特殊要求GB 4706.15-2008,不测：可拆卷发器的加热器、头盔式干发器、装有旋转连接器器具、三相器具,
365,某检测技术服务有限公司,实际地址,产品质量检验,电子电气-家用电器,皮肤及毛发护理器具,变压器和相关电路的过载保护,家用和类似用途电器的安全 皮肤及毛发护理器具的特殊要求GB 4706.15-2008,不测：可拆卷发器的加热器、头盔式干发器、装有旋转连接器器具、三相器具,
366,某检测技术服务有限公司,实际地址,产品质量检验,电子电气-家用电器,皮肤及毛发护理器具,外部导线用接线端子,家用和类似用途电器的安全 皮肤及毛发护理器具的特殊要求GB 4706.15-2008,不测：可拆卷发器的加热器、头盔式干发器、装有旋转连接器器具,
367,某检测技术服务有限公司,实际地址,产品质量检验,电子电气-家用电器,皮肤及毛发护理器具,对触及带电部件的防护,家用和类似用途电器的安全 皮肤及毛发护理器具的特殊要求GB 4706.15-2008,不测：可拆卷发器的加热器、头盔式干发器、装有旋转连接器器具,
368,某检测技术服务有限公司,实际地址,产品质量检验,电子电气-家用电器,皮肤及毛发护理器具,工作温度下的泄漏电流和电气强度,家用和类似用途电器的安全 皮肤及毛发护理器具的特殊要求GB 4706.15-2008,不测：可拆卷发器的加热器、头盔式干发器、装有旋转连接器器具、三相器具,
369,某检测技术服务有限公司,实际地址,产品质量检验,电子电气-家用电器,皮肤及毛发护理器具,接地措施,家用和类似用途电器的安全 皮肤及毛发护理器具的特殊要求GB 4706.15-2008,不测：可拆卷发器的加热器、头盔式干发器、装有旋转连接器器具,
370,某检测技术服务有限公司,实际地址,产品质量检验,电子电气-家用电器,皮肤及毛发护理器具,机械强度,家用和类似用途电器的安全 皮肤及毛发护理器具的特殊要求GB 4706.15-2008,不测：可拆卷发器的加热器、头盔式干发器、装有旋转连接器器具,
371,某检测技术服务有限公司,实际地址,产品质量检验,电子电气-家用电器,皮肤及毛发护理器具,标志和说明,家用和类似用途电器的安全 皮肤及毛发护理器具的特殊要求GB 4706.15-2008,不测：可拆卷发器的加热器、头盔式干发器、装有旋转连接器器具,
372,某检测技术服务有限公司,实际地址,产品质量检验,电子电气-家用电器,皮肤及毛发护理器具,泄漏电流和电气强度,家用和类似用途电器的安全 皮肤及毛发护理器具的特殊要求GB 4706.15-2008,不测：可拆卷发器的加热器、头盔式干发器、装有旋转连接器器具,
373,某检测技术服务有限公司,实际地址,产品质量检验,电子电气-家用电器,皮肤及毛发护理器具,电气间隙、爬电距离和固体绝缘,家用和类似用途电器的安全 皮肤及毛发护理器具的特殊要求GB 4706.15-2008,不测：可拆卷发器的加热器、头盔式干发器、装有旋转连接器器具,
374,某检测技术服务有限公司,实际地址,产品质量检验,电子电气-家用电器,皮肤及毛发护理器具,电源连接和外部软线,家用和类似用途电器的安全 皮肤及毛发护理器具的特殊要求GB 4706.15-2008,不测：可拆卷发器的加热器、头盔式干发器、装有旋转连接器器具,
375,某检测技术服务有限公司,实际地址,产品质量检验,电子电气-家用电器,皮肤及毛发护理器具,稳定性和机械危险,家用和类似用途电器的安全 皮肤及毛发护理器具的特殊要求GB 4706.15-2008,不测：可拆卷发器的加热器、头盔式干发器、装有旋转连接器器具,
376,某检测技术服务有限公司,实际地址,产品质量检验,电子电气-家用电器,皮肤及毛发护理器具,结构,家用和类似用途电器的安全 皮肤及毛发护理器具的特殊要求GB 4706.15-2008,不测：可拆卷发器的加热器、头盔式干发器、装有旋转连接器器具,
377,某检测技术服务有限公司,实际地址,产品质量检验,电子电气-家用电器,皮肤及毛发护理器具,耐潮湿,家用和类似用途电器的安全 皮肤及毛发护理器具的特殊要求GB 4706.15-2008,不测：可拆卷发器的加热器、头盔式干发器、装有旋转连接器器具、100cm×100cm×100cm以上的样品,
378,某检测技术服务有限公司,实际地址,产品质量检验,电子电气-家用电器,皮肤及毛发护理器具,耐热和耐燃,家用和类似用途电器的安全 皮肤及毛发护理器具的特殊要求GB 4706.15-2008,不测：可拆卷发器的加热器、头盔式干发器、装有旋转连接器器具、三相器具,
379,某检测技术服务有限公司,实际地址,产品质量检验,电子电气-家用电器,皮肤及毛发护理器具,螺钉和连接,家用和类似用途电器的安全 皮肤及毛发护理器具的特殊要求GB 4706.15-2008,不测：可拆卷发器的加热器、头盔式干发器、装有旋转连接器器具,
380,某检测技术服务有限公司,实际地址,产品质量检验,电子电气-家用电器,皮肤及毛发护理器具,输入功率和电流,家用和类似用途电器的安全 皮肤及毛发护理器具的特殊要求GB 4706.15-2008,不测：可拆卷发器的加热器、头盔式干发器、装有旋转连接器器具、三相器具,
381,某检测技术服务有限公司,实际地址,产品质量检验,电子电气-家用电器,皮肤及毛发护理器具,非正常工作,家用和类似用途电器的安全 皮肤及毛发护理器具的特殊要求GB 4706.15-2008,不测：可拆卷发器的加热器、头盔式干发器、装有旋转连接器器具、三相器具,
382,某检测技术服务有限公司,实际地址,产品质量检验,婴幼产品-玩具,电玩具,不同极性间的绝缘进行短路,电玩具的安全GB 19865-2005,,
383,某检测技术服务有限公司,实际地址,产品质量检验,婴幼产品-玩具,电玩具,低功率电路,电玩具的安全GB 19865-2005,,
384,某检测技术服务有限公司,实际地址,产品质量检验,婴幼产品-玩具,电玩具,减免试验的原则,电玩具的安全GB 19865-2005,,
385,某检测技术服务有限公司,实际地址,产品质量检验,婴幼产品-玩具,电玩具,包装上标识的保留,电玩具的安全GB 19865-2005,,
386,某检测技术服务有限公司,实际地址,产品质量检验,婴幼产品-玩具,电玩具,双电源玩具的标识,电玩具的安全GB 19865-2005,,
387,某检测技术服务有限公司,实际地址,产品质量检验,婴幼产品-玩具,电玩具,发热和非正常工作,电玩具的安全GB 19865-2005,,
388,某检测技术服务有限公司,实际地址,产品质量检验,婴幼产品-玩具,电玩具,变压器玩具的标识,电玩具的安全GB 19865-2005,,
389,某检测技术服务有限公司,实际地址,产品质量检验,婴幼产品-玩具,电玩具,可拆卸灯的标识,电玩具的安全GB 19865-2005,,
390,某检测技术服务有限公司,实际地址,产品质量检验,婴幼产品-玩具,电玩具,堵住运动部件温升试验,电玩具的安全GB 19865-2005,,
391,某检测技术服务有限公司,实际地址,产品质量检验,婴幼产品-玩具,电玩具,工作温度下的电气强度,电玩具的安全GB 19865-2005,,
392,某检测技术服务有限公司,实际地址,产品质量检验,婴幼产品-玩具,电玩具,带可更换电池的电池玩具标识,电玩具的安全GB 19865-2005,,
393,某检测技术服务有限公司,实际地址,产品质量检验,婴幼产品-玩具,电玩具,总体要求,电玩具的安全GB 19865-2005,,
394,某检测技术服务有限公司,实际地址,产品质量检验,婴幼产品-玩具,电玩具,机械强度,电玩具的安全GB 19865-2005,,
395,某检测技术服务有限公司,实际地址,产品质量检验,婴幼产品-玩具,电玩具,标识和说明,电玩具的安全GB 19865-2005,,
396,某检测技术服务有限公司,实际地址,产品质量检验,婴幼产品-玩具,电玩具,标识的耐久性,电玩具的安全GB 19865-2005,,
397,某检测技术服务有限公司,实际地址,产品质量检验,婴幼产品-玩具,电玩具,标识符号,电玩具的安全GB 19865-2005,,
398,某检测技术服务有限公司,实际地址,产品质量检验,婴幼产品-玩具,电玩具,清洁和保养说明及电池等标识,电玩具的安全GB 19865-2005,,
399,某检测技术服务有限公司,实际地址,产品质量检验,婴幼产品-玩具,电玩具,温升试验,电玩具的安全GB 19865-2005,,
400,某检测技术服务有限公司,实际地址,产品质量检验,婴幼产品-玩具,电玩具,玩具或包装的标识,电玩具的安全GB 19865-2005,,
401,某检测技术服务有限公司,实际地址,产品质量检验,婴幼产品-玩具,电玩具,电子电路,电玩具的安全GB 19865-2005,,
402,某检测技术服务有限公司,实际地址,产品质量检验,婴幼产品-玩具,电玩具,电子电路试验,电玩具的安全GB 19865-2005,,
403,某检测技术服务有限公司,实际地址,产品质量检验,婴幼产品-玩具,电玩具,电气间隙和爬电距离,电玩具的安全GB 19865-2005,,
404,某检测技术服务有限公司,实际地址,产品质量检验,婴幼产品-玩具,电玩具,电距离,电玩具的安全GB 19865-2005,,
405,某检测技术服务有限公司,实际地址,产品质量检验,婴幼产品-玩具,电玩具,结构,电玩具的安全GB 19865-2005,,
406,某检测技术服务有限公司,实际地址,产品质量检验,婴幼产品-玩具,电玩具,耐潮湿,电玩具的安全GB 19865-2005,,
407,某检测技术服务有限公司,实际地址,产品质量检验,婴幼产品-玩具,电玩具,耐热和耐燃,电玩具的安全GB 19865-2005,,
408,某检测技术服务有限公司,实际地址,产品质量检验,婴幼产品-玩具,电玩具,螺钉和连接,电玩具的安全GB 19865-2005,,
409,某检测技术服务有限公司,实际地址,产品质量检验,婴幼产品-玩具,电玩具,试验前样品预处理,电玩具的安全GB 19865-2005,,
410,某检测技术服务有限公司,实际地址,产品质量检验,婴幼产品-玩具,电玩具,试验的一般条件,电玩具的安全GB 19865-2005,,
411,某检测技术服务有限公司,实际地址,产品质量检验,婴幼产品-玩具,电玩具,软线和电线的保护,电玩具的安全GB 19865-2005,,
412,某检测技术服务有限公司,实际地址,产品质量检验,婴幼产品-玩具,电玩具,输入功率,电玩具的安全GB 19865-2005,,
413,某检测技术服务有限公司,实际地址,产品质量检验,婴幼产品-玩具,电玩具,限温器短路,电玩具的安全GB 19865-2005,,
414,某检测技术服务有限公司,实际地址,产品质量检验,婴幼产品-玩具,电玩具,预处理,电玩具的安全GB 19865-2005,,
415,某检测技术服务有限公司,实际地址,产品质量检验,电子电气-照明,舞台灯光、电视、电影及摄影场所（室内外）用灯具,外部和内部接线,灯具 第2-17部分:特殊要求 舞台灯光、电视、电影及摄影场所（室内外）用灯具GB 7000.217-2008,,
416,某检测技术服务有限公司,实际地址,产品质量检验,电子电气-照明,舞台灯光、电视、电影及摄影场所（室内外）用灯具,接地规定,灯具 第2-17部分:特殊要求 舞台灯光、电视、电影及摄影场所（室内外）用灯具GB 7000.217-2008,,
417,某检测技术服务有限公司,实际地址,产品质量检验,电子电气-照明,舞台灯光、电视、电影及摄影场所（室内外）用灯具,标记,灯具 第2-17部分:特殊要求 舞台灯光、电视、电影及摄影场所（室内外）用灯具GB 7000.217-2008,,
418,某检测技术服务有限公司,实际地址,产品质量检验,电子电气-照明,舞台灯光、电视、电影及摄影场所（室内外）用灯具,爬电距离和电气间隙,灯具 第2-17部分:特殊要求 舞台灯光、电视、电影及摄影场所（室内外）用灯具GB 7000.217-2008,,
419,某检测技术服务有限公司,实际地址,产品质量检验,电子电气-照明,舞台灯光、电视、电影及摄影场所（室内外）用灯具,结构,灯具 第2-17部分:特殊要求 舞台灯光、电视、电影及摄影场所（室内外）用灯具GB 7000.217-2008,不测同 GB7000.1-2015,
420,某检测技术服务有限公司,实际地址,产品质量检验,电子电气-照明,舞台灯光、电视、电影及摄影场所（室内外）用灯具,绝缘电阻和电气强度,灯具 第2-17部分:特殊要求 舞台灯光、电视、电影及摄影场所（室内外）用灯具GB 7000.217-2008,,
421,某检测技术服务有限公司,实际地址,产品质量检验,电子电气-照明,舞台灯光、电视、电影及摄影场所（室内外）用灯具,耐久性试验和热试验,灯具 第2-17部分:特殊要求 舞台灯光、电视、电影及摄影场所（室内外）用灯具GB 7000.217-2008,不测：100cm×100cm×100cm以上的样品的耐久性试验,
422,某检测技术服务有限公司,实际地址,产品质量检验,电子电气-照明,舞台灯光、电视、电影及摄影场所（室内外）用灯具,耐热、耐火和耐起痕,灯具 第2-17部分:特殊要求 舞台灯光、电视、电影及摄影场所（室内外）用灯具GB 7000.217-2008,,
423,某检测技术服务有限公司,实际地址,产品质量检验,电子电气-照明,舞台灯光、电视、电影及摄影场所（室内外）用灯具,防尘、防固体异物和防水,灯具 第2-17部分:特殊要求 舞台灯光、电视、电影及摄影场所（室内外）用灯具GB 7000.217-2008,不测：100cm×100cm×100cm以上的样品的潮湿试验,
424,某检测技术服务有限公司,实际地址,产品质量检验,电子电气-照明,舞台灯光、电视、电影及摄影场所（室内外）用灯具,防触电保护,灯具 第2-17部分:特殊要求 舞台灯光、电视、电影及摄影场所（室内外）用灯具GB 7000.217-2008,,
425,某检测技术服务有限公司,实际地址,产品质量检验,电子电气-家用电器,便携式电热工具及其类似器具,内部布线,家用和类似用途电器的安全 便携式电热工具及其类似器具的特殊要求GB 4706.41-2005,不测：点火机,
426,某检测技术服务有限公司,实际地址,产品质量检验,电子电气-家用电器,便携式电热工具及其类似器具,发热,家用和类似用途电器的安全 便携式电热工具及其类似器具的特殊要求GB 4706.41-2005,不测：点火机、三相器具,
427,某检测技术服务有限公司,实际地址,产品质量检验,电子电气-家用电器,便携式电热工具及其类似器具,变压器和相关电路的过载保护,家用和类似用途电器的安全 便携式电热工具及其类似器具的特殊要求GB 4706.41-2005,不测：点火机、三相器具,
428,某检测技术服务有限公司,实际地址,产品质量检验,电子电气-家用电器,便携式电热工具及其类似器具,外部导线用接线端子,家用和类似用途电器的安全 便携式电热工具及其类似器具的特殊要求GB 4706.41-2005,不测：点火机,
429,某检测技术服务有限公司,实际地址,产品质量检验,电子电气-家用电器,便携式电热工具及其类似器具,对触及带电部件的防护,家用和类似用途电器的安全 便携式电热工具及其类似器具的特殊要求GB 4706.41-2005,不测：点火机,
430,某检测技术服务有限公司,实际地址,产品质量检验,电子电气-家用电器,便携式电热工具及其类似器具,工作温度下的泄漏电流和电气强度,家用和类似用途电器的安全 便携式电热工具及其类似器具的特殊要求GB 4706.41-2005,不测：点火机、三相器具,
431,某检测技术服务有限公司,实际地址,产品质量检验,电子电气-家用电器,便携式电热工具及其类似器具,接地措施,家用和类似用途电器的安全 便携式电热工具及其类似器具的特殊要求GB 4706.41-2005,不测：点火机,
432,某检测技术服务有限公司,实际地址,产品质量检验,电子电气-家用电器,便携式电热工具及其类似器具,机械强度,家用和类似用途电器的安全 便携式电热工具及其类似器具的特殊要求GB 4706.41-2005,不测：点火机,
433,某检测技术服务有限公司,实际地址,产品质量检验,电子电气-家用电器,便携式电热工具及其类似器具,标志和说明,家用和类似用途电器的安全 便携式电热工具及其类似器具的特殊要求GB 4706.41-2005,不测：点火机,
434,某检测技术服务有限公司,实际地址,产品质量检验,电子电气-家用电器,便携式电热工具及其类似器具,泄漏电流和电气强度,家用和类似用途电器的安全 便携式电热工具及其类似器具的特殊要求GB 4706.41-2005,不测：点火机,
435,某检测技术服务有限公司,实际地址,产品质量检验,电子电气-家用电器,便携式电热工具及其类似器具,电气间隙、爬电距离和固体绝缘,家用和类似用途电器的安全 便携式电热工具及其类似器具的特殊要求GB 4706.41-2005,不测：点火机,
436,某检测技术服务有限公司,实际地址,产品质量检验,电子电气-家用电器,便携式电热工具及其类似器具,电源连接和外部软线,家用和类似用途电器的安全 便携式电热工具及其类似器具的特殊要求GB 4706.41-2005,不测：点火机,
437,某检测技术服务有限公司,实际地址,产品质量检验,电子电气-家用电器,便携式电热工具及其类似器具,稳定性和机械危险,家用和类似用途电器的安全 便携式电热工具及其类似器具的特殊要求GB 4706.41-2005,不测：点火机,
438,某检测技术服务有限公司,实际地址,产品质量检验,电子电气-家用电器,便携式电热工具及其类似器具,结构,家用和类似用途电器的安全 便携式电热工具及其类似器具的特殊要求GB 4706.41-2005,不测：点火机,
439,某检测技术服务有限公司,实际地址,产品质量检验,电子电气-家用电器,便携式电热工具及其类似器具,耐潮湿,家用和类似用途电器的安全 便携式电热工具及其类似器具的特殊要求GB 4706.41-2005,不测：点火机、100cm×100cm×100cm以上的样品,
440,某检测技术服务有限公司,实际地址,产品质量检验,电子电气-家用电器,便携式电热工具及其类似器具,耐热和耐燃,家用和类似用途电器的安全 便携式电热工具及其类似器具的特殊要求GB 4706.41-2005,不测：点火机、三相器具,
441,某检测技术服务有限公司,实际地址,产品质量检验,电子电气-家用电器,便携式电热工具及其类似器具,螺钉和连接,家用和类似用途电器的安全 便携式电热工具及其类似器具的特殊要求GB 4706.41-2005,不测：点火机,
442,某检测技术服务有限公司,实际地址,产品质量检验,电子电气-家用电器,便携式电热工具及其类似器具,输入功率和电流,家用和类似用途电器的安全 便携式电热工具及其类似器具的特殊要求GB 4706.41-2005,不测：点火机、三相器具,
443,某检测技术服务有限公司,实际地址,产品质量检验,电子电气-家用电器,便携式电热工具及其类似器具,非正常工作,家用和类似用途电器的安全 便携式电热工具及其类似器具的特殊要求GB 4706.41-2005,不测：点火机、三相器具,
444,某检测技术服务有限公司,实际地址,产品质量检验,电子电气-照明,儿童用可移式灯具,外部和内部接线,灯具 第2-10部分：特殊要求 儿童用可移式灯具GB 7000.4-2007,,
445,某检测技术服务有限公司,实际地址,产品质量检验,电子电气-照明,儿童用可移式灯具,接地规定,灯具 第2-10部分：特殊要求 儿童用可移式灯具GB 7000.4-2007,,
446,某检测技术服务有限公司,实际地址,产品质量检验,电子电气-照明,儿童用可移式灯具,标记,灯具 第2-10部分：特殊要求 儿童用可移式灯具GB 7000.4-2007,,
447,某检测技术服务有限公司,实际地址,产品质量检验,电子电气-照明,儿童用可移式灯具,爬电距离和电气间隙,灯具 第2-10部分：特殊要求 儿童用可移式灯具GB 7000.4-2007,,
448,某检测技术服务有限公司,实际地址,产品质量检验,电子电气-照明,儿童用可移式灯具,结构,灯具 第2-10部分：特殊要求 儿童用可移式灯具GB 7000.4-2007,不测同 GB7000.1-2015,
449,某检测技术服务有限公司,实际地址,产品质量检验,电子电气-照明,儿童用可移式灯具,绝缘电阻和电气强度,灯具 第2-10部分：特殊要求 儿童用可移式灯具GB 7000.4-2007,,
450,某检测技术服务有限公司,实际地址,产品质量检验,电子电气-照明,儿童用可移式灯具,耐久性试验和热试验,灯具 第2-10部分：特殊要求 儿童用可移式灯具GB 7000.4-2007,不测：100cm×100cm×100cm以上的样品的耐久性试验,
451,某检测技术服务有限公司,实际地址,产品质量检验,电子电气-照明,儿童用可移式灯具,耐热、耐火和耐电痕,灯具 第2-10部分：特殊要求 儿童用可移式灯具GB 7000.4-2007,不测：15.2绒面或织物面料燃烧,
452,某检测技术服务有限公司,实际地址,产品质量检验,电子电气-照明,儿童用可移式灯具,防尘和防潮,灯具 第2-10部分：特殊要求 儿童用可移式灯具GB 7000.4-2007,不测：100cm×100cm×100cm以上的样品的潮湿试验,
453,某检测技术服务有限公司,实际地址,产品质量检验,电子电气-照明,儿童用可移式灯具,防触电保护,灯具 第2-10部分：特殊要求 儿童用可移式灯具GB 7000.4-2007,,
454,某检测技术服务有限公司,实际地址,产品质量检验,电子电气-EMC,电子电气产品,电压变化、电压波动和闪烁,电磁兼容 限值 对每相额定电流≤16 A 且无条件接入的设备在公用低压供电系统中产生的电压变化、电压波动和闪烁的限制GB/T 17625.2-2007,不测：三相器具,
455,某检测技术服务有限公司,实际地址,产品质量检验,电子电气-EMC,电子电气产品,谐波电流,电磁兼容 限值 谐波电流发射限值(设备每相输入电流≤16A)GB 17625.1-2012,不测：三相器具,
456,某检测技术服务有限公司,实际地址,产品质量检验,电子电气-家用电器,空气净化器,内部布线,家用和类似用途电器的安全 空气净化器的特殊要求GB 4706.45-2008,,
457,某检测技术服务有限公司,实际地址,产品质量检验,电子电气-家用电器,空气净化器,发热,家用和类似用途电器的安全 空气净化器的特殊要求GB 4706.45-2008,不测：三相器具,
458,某检测技术服务有限公司,实际地址,产品质量检验,电子电气-家用电器,空气净化器,变压器和相关电路的过载保护,家用和类似用途电器的安全 空气净化器的特殊要求GB 4706.45-2008,不测：三相器具,
459,某检测技术服务有限公司,实际地址,产品质量检验,电子电气-家用电器,空气净化器,外部导线用接线端子,家用和类似用途电器的安全 空气净化器的特殊要求GB 4706.45-2008,不测：吸水式清洁器具、三相器具,
460,某检测技术服务有限公司,实际地址,产品质量检验,电子电气-家用电器,空气净化器,对触及带电部件的防护,家用和类似用途电器的安全 空气净化器的特殊要求GB 4706.45-2008,不测：8.1.4不测峰值电压超过15kV的放电能量,
461,某检测技术服务有限公司,实际地址,产品质量检验,电子电气-家用电器,空气净化器,工作温度下的泄漏电流和电气强度,家用和类似用途电器的安全 空气净化器的特殊要求GB 4706.45-2008,,
462,某检测技术服务有限公司,实际地址,产品质量检验,电子电气-家用电器,空气净化器,接地措施,家用和类似用途电器的安全 空气净化器的特殊要求GB 4706.45-2008,不测：三相器具,
463,某检测技术服务有限公司,实际地址,产品质量检验,电子电气-家用电器,空气净化器,机械强度,家用和类似用途电器的安全 空气净化器的特殊要求GB 4706.45-2008,,
464,某检测技术服务有限公司,实际地址,产品质量检验,电子电气-家用电器,空气净化器,标志和说明,家用和类似用途电器的安全 空气净化器的特殊要求GB 4706.45-2008,,
465,某检测技术服务有限公司,实际地址,产品质量检验,电子电气-家用电器,空气净化器,泄漏电流和电气强度,家用和类似用途电器的安全 空气净化器的特殊要求GB 4706.45-2008,,
466,某检测技术服务有限公司,实际地址,产品质量检验,电子电气-家用电器,空气净化器,电气间隙、爬电距离和固体绝缘,家用和类似用途电器的安全 空气净化器的特殊要求GB 4706.45-2008,,
467,某检测技术服务有限公司,实际地址,产品质量检验,电子电气-家用电器,空气净化器,电源连接和外部软线,家用和类似用途电器的安全 空气净化器的特殊要求GB 4706.45-2008,,
468,某检测技术服务有限公司,实际地址,产品质量检验,电子电气-家用电器,空气净化器,稳定性和机械危险,家用和类似用途电器的安全 空气净化器的特殊要求GB 4706.45-2008,,
469,某检测技术服务有限公司,实际地址,产品质量检验,电子电气-家用电器,空气净化器,结构,家用和类似用途电器的安全 空气净化器的特殊要求GB 4706.45-2008,,
470,某检测技术服务有限公司,实际地址,产品质量检验,电子电气-家用电器,空气净化器,耐潮湿,家用和类似用途电器的安全 空气净化器的特殊要求GB 4706.45-2008,,
471,某检测技术服务有限公司,实际地址,产品质量检验,电子电气-家用电器,空气净化器,耐热和耐燃,家用和类似用途电器的安全 空气净化器的特殊要求GB 4706.45-2008,不测：100cm×100cm×100cm以上的样品,
472,某检测技术服务有限公司,实际地址,产品质量检验,电子电气-家用电器,空气净化器,螺钉和连接,家用和类似用途电器的安全 空气净化器的特殊要求GB 4706.45-2008,不测：三相器具,
473,某检测技术服务有限公司,实际地址,产品质量检验,电子电气-家用电器,空气净化器,输入功率和电流,家用和类似用途电器的安全 空气净化器的特殊要求GB 4706.45-2008,,
474,某检测技术服务有限公司,实际地址,产品质量检验,电子电气-家用电器,空气净化器,非正常工作,家用和类似用途电器的安全 空气净化器的特殊要求GB 4706.45-2008,不测：三相器具,
475,某检测技术服务有限公司,实际地址,产品质量检验,电子电气-照明,投光灯具,外部接线和内部接线,投光灯具安全要求GB 7000.7-2005,,
476,某检测技术服务有限公司,实际地址,产品质量检验,电子电气-照明,投光灯具,接地规定,投光灯具安全要求GB 7000.7-2005,,
477,某检测技术服务有限公司,实际地址,产品质量检验,电子电气-照明,投光灯具,标记,投光灯具安全要求GB 7000.7-2005,,
478,某检测技术服务有限公司,实际地址,产品质量检验,电子电气-照明,投光灯具,爬电距离和电气间隙,投光灯具安全要求GB 7000.7-2005,,
479,某检测技术服务有限公司,实际地址,产品质量检验,电子电气-照明,投光灯具,结构,投光灯具安全要求GB 7000.7-2005,不测同 GB7000.1-2015,
480,某检测技术服务有限公司,实际地址,产品质量检验,电子电气-照明,投光灯具,绝缘电阻和电气强度,投光灯具安全要求GB 7000.7-2005,,
481,某检测技术服务有限公司,实际地址,产品质量检验,电子电气-照明,投光灯具,耐久性试验和热试验,投光灯具安全要求GB 7000.7-2005,不测：100cm×100cm×100cm以上的样品的耐久性试验,
482,某检测技术服务有限公司,实际地址,产品质量检验,电子电气-照明,投光灯具,耐热、耐火和耐起痕,投光灯具安全要求GB 7000.7-2005,,
483,某检测技术服务有限公司,实际地址,产品质量检验,电子电气-照明,投光灯具,防尘和防水,投光灯具安全要求GB 7000.7-2005,不测：100cm×100cm×100cm以上的样品的潮湿试验,
484,某检测技术服务有限公司,实际地址,产品质量检验,电子电气-照明,投光灯具,防触电保护,投光灯具安全要求GB 7000.7-2005,,
485,某检测技术服务有限公司,实际地址,产品质量检验,电子电气-家用电器,口腔卫生器具,内部布线,家用和类似用途电器的安全 口腔卫生器具的特殊要求GB 4706.59-2008,,
486,某检测技术服务有限公司,实际地址,产品质量检验,电子电气-家用电器,口腔卫生器具,发热,家用和类似用途电器的安全 口腔卫生器具的特殊要求GB 4706.59-2008,不测：三相器具,
487,某检测技术服务有限公司,实际地址,产品质量检验,电子电气-家用电器,口腔卫生器具,变压器和相关电路的过载保护,家用和类似用途电器的安全 口腔卫生器具的特殊要求GB 4706.59-2008,不测：三相器具,
488,某检测技术服务有限公司,实际地址,产品质量检验,电子电气-家用电器,口腔卫生器具,外部导线用接线端子,家用和类似用途电器的安全 口腔卫生器具的特殊要求GB 4706.59-2008,,
489,某检测技术服务有限公司,实际地址,产品质量检验,电子电气-家用电器,口腔卫生器具,对触及带电部件的防护,家用和类似用途电器的安全 口腔卫生器具的特殊要求GB 4706.59-2008,,
490,某检测技术服务有限公司,实际地址,产品质量检验,电子电气-家用电器,口腔卫生器具,工作温度下的泄漏电流和电气强度,家用和类似用途电器的安全 口腔卫生器具的特殊要求GB 4706.59-2008,不测：三相器具,
491,某检测技术服务有限公司,实际地址,产品质量检验,电子电气-家用电器,口腔卫生器具,接地措施,家用和类似用途电器的安全 口腔卫生器具的特殊要求GB 4706.59-2008,,
492,某检测技术服务有限公司,实际地址,产品质量检验,电子电气-家用电器,口腔卫生器具,机械强度,家用和类似用途电器的安全 口腔卫生器具的特殊要求GB 4706.59-2008,,
493,某检测技术服务有限公司,实际地址,产品质量检验,电子电气-家用电器,口腔卫生器具,标志和说明,家用和类似用途电器的安全 口腔卫生器具的特殊要求GB 4706.59-2008,,
494,某检测技术服务有限公司,实际地址,产品质量检验,电子电气-照明,灯具,外部接线和内部接线,灯具 第1部分:一般要求与试验GB 7000.1-2015,,
495,某检测技术服务有限公司,实际地址,产品质量检验,电子电气-照明,灯具,接地规定,灯具 第1部分:一般要求与试验GB 7000.1-2015,,
496,某检测技术服务有限公司,实际地址,产品质量检验,电子电气-照明,灯具,标记,灯具 第1部分:一般要求与试验GB 7000.1-2015,,
497,某检测技术服务有限公司,实际地址,产品质量检验,电子电气-照明,灯具,爬电距离和电气间隙,灯具 第1部分:一般要求与试验GB 7000.1-2015,,
498,某检测技术服务有限公司,实际地址,产品质量检验,电子电气-照明,灯具,结构,灯具 第1部分:一般要求与试验GB 7000.1-2015,不测：4.11.6 电应力试验， 4.20 振动试验，4.24光生物安全，4.28热传感器固定,
499,某检测技术服务有限公司,实际地址,产品质量检验,电子电气-照明,灯具,绝缘电阻和电气强度、接触电流和保护导体电流,灯具 第1部分:一般要求与试验GB 7000.1-2015,,
500,某检测技术服务有限公司,实际地址,产品质量检验,电子电气-照明,灯具,耐久性试验和热试验,灯具 第1部分:一般要求与试验GB 7000.1-2015,不测：100cm×100cm×100cm以上的样品的耐久性试验,
501,某检测技术服务有限公司,实际地址,产品质量检验,电子电气-照明,灯具,耐热、耐火和耐起痕,灯具 第1部分:一般要求与试验GB 7000.1-2015,,
502,某检测技术服务有限公司,实际地址,产品质量检验,电子电气-照明,灯具,防尘、防固体异物和防水,灯具 第1部分:一般要求与试验GB 7000.1-2015,不测：100cm×100cm×100cm以上的样品的潮湿试验,
503,某检测技术服务有限公司,实际地址,产品质量检验,电子电气-照明,灯具,防触电保护,灯具 第1部分:一般要求与试验GB 7000.1-2015,,
504,某检测技术服务有限公司,实际地址,产品质量检验,电子电气-照明,灯串,外部和内部接线,灯具 第2-20部分：特殊要求 灯串GB 7000.9-2008,,
505,某检测技术服务有限公司,实际地址,产品质量检验,电子电气-照明,灯串,标记,灯具 第2-20部分：特殊要求 灯串GB 7000.9-2008,,
506,某检测技术服务有限公司,实际地址,产品质量检验,电子电气-照明,灯串,爬电距离和电气间隙,灯具 第2-20部分：特殊要求 灯串GB 7000.9-2008,,
507,某检测技术服务有限公司,实际地址,产品质量检验,电子电气-照明,灯串,结构,灯具 第2-20部分：特殊要求 灯串GB 7000.9-2008,不测：6.14灯串缠绕试验，其他不测同 GB7000.1-2015,
508,某检测技术服务有限公司,实际地址,产品质量检验,电子电气-照明,灯串,绝缘电阻和介电强度,灯具 第2-20部分：特殊要求 灯串GB 7000.9-2008,不测：5000V以上交流耐压,
509,某检测技术服务有限公司,实际地址,产品质量检验,电子电气-照明,灯串,耐久性试验和热试验,灯具 第2-20部分：特殊要求 灯串GB 7000.9-2008,"不测：100cm×100cm×100cm以上的样品的耐久性试验,",
510,某检测技术服务有限公司,实际地址,产品质量检验,电子电气-照明,灯串,耐热、耐火和耐电痕,灯具 第2-20部分：特殊要求 灯串GB 7000.9-2008,,
511,某检测技术服务有限公司,实际地址,产品质量检验,电子电气-照明,灯串,防尘和防水,灯具 第2-20部分：特殊要求 灯串GB 7000.9-2008,不测：100cm×100cm×100cm以上的样品的潮湿试验,
512,某检测技术服务有限公司,实际地址,产品质量检验,电子电气-照明,灯串,防触电保护,灯具 第2-20部分：特殊要求 灯串GB 7000.9-2008,,
513,某检测技术服务有限公司,实际地址,产品质量检验,电子电气-家用电器,加湿器,内部布线,家用和类似用途电器的安全 加湿器的特殊要求GB 4706.48-2009,不测：电极式加湿器,
514,某检测技术服务有限公司,实际地址,产品质量检验,电子电气-家用电器,加湿器,发热,家用和类似用途电器的安全 加湿器的特殊要求GB 4706.48-2009,不测：电极式加湿器、三相器具,
515,某检测技术服务有限公司,实际地址,产品质量检验,电子电气-家用电器,加湿器,变压器和相关电路的过载保护,家用和类似用途电器的安全 加湿器的特殊要求GB 4706.48-2009,不测：电极式加湿器、三相器具,
516,某检测技术服务有限公司,实际地址,产品质量检验,电子电气-家用电器,加湿器,外部导线用接线端子,家用和类似用途电器的安全 加湿器的特殊要求GB 4706.48-2009,不测：电极式加湿器,
517,某检测技术服务有限公司,实际地址,产品质量检验,电子电气-家用电器,加湿器,对触及带电部件的防护,家用和类似用途电器的安全 加湿器的特殊要求GB 4706.48-2009,不测：电极式加湿器,
518,某检测技术服务有限公司,实际地址,产品质量检验,电子电气-家用电器,加湿器,工作温度下的泄漏电流和电气强度,家用和类似用途电器的安全 加湿器的特殊要求GB 4706.48-2009,不测：电极式加湿器、三相器具,
519,某检测技术服务有限公司,实际地址,产品质量检验,电子电气-家用电器,加湿器,接地措施,家用和类似用途电器的安全 加湿器的特殊要求GB 4706.48-2009,不测：电极式加湿器,
520,某检测技术服务有限公司,实际地址,产品质量检验,电子电气-家用电器,加湿器,机械强度,家用和类似用途电器的安全 加湿器的特殊要求GB 4706.48-2009,不测：电极式加湿器,
521,某检测技术服务有限公司,实际地址,产品质量检验,电子电气-家用电器,加湿器,标志和说明,家用和类似用途电器的安全 加湿器的特殊要求GB 4706.48-2009,不测：电极式加湿器,
522,某检测技术服务有限公司,实际地址,产品质量检验,电子电气-家用电器,加湿器,泄漏电流和电气强度,家用和类似用途电器的安全 加湿器的特殊要求GB 4706.48-2009,不测：电极式加湿器,
523,某检测技术服务有限公司,实际地址,产品质量检验,电子电气-家用电器,加湿器,电气间隙、爬电距离和固体绝缘,家用和类似用途电器的安全 加湿器的特殊要求GB 4706.48-2009,不测：电极式加湿器,
524,某检测技术服务有限公司,实际地址,产品质量检验,电子电气-家用电器,加湿器,电源连接和外部软线,家用和类似用途电器的安全 加湿器的特殊要求GB 4706.48-2009,不测：电极式加湿器,
525,某检测技术服务有限公司,实际地址,产品质量检验,电子电气-家用电器,加湿器,稳定性和机械危险,家用和类似用途电器的安全 加湿器的特殊要求GB 4706.48-2009,不测：电极式加湿器,
526,某检测技术服务有限公司,实际地址,产品质量检验,电子电气-家用电器,加湿器,结构,家用和类似用途电器的安全 加湿器的特殊要求GB 4706.48-2009,不测：电极式加湿器,
527,某检测技术服务有限公司,实际地址,产品质量检验,电子电气-家用电器,加湿器,耐潮湿,家用和类似用途电器的安全 加湿器的特殊要求GB 4706.48-2009,不测：电极式加湿器、100cm×100cm×100cm以上的样品,
528,某检测技术服务有限公司,实际地址,产品质量检验,电子电气-家用电器,加湿器,耐热和耐燃,家用和类似用途电器的安全 加湿器的特殊要求GB 4706.48-2009,不测：电极式加湿器、三相器具,
529,某检测技术服务有限公司,实际地址,产品质量检验,电子电气-家用电器,加湿器,螺钉和连接,家用和类似用途电器的安全 加湿器的特殊要求GB 4706.48-2009,不测：电极式加湿器,
530,某检测技术服务有限公司,实际地址,产品质量检验,电子电气-家用电器,加湿器,输入功率和电流,家用和类似用途电器的安全 加湿器的特殊要求GB 4706.48-2009,不测：电极式加湿器、三相器具,
531,某检测技术服务有限公司,实际地址,产品质量检验,电子电气-家用电器,加湿器,非正常工作,家用和类似用途电器的安全 加湿器的特殊要求GB 4706.48-2009,不测：电极式加湿器、三相器具,
532,某检测技术服务有限公司,实际地址,产品质量检验,电子电气-照明,LED模块用直流或交流电子控制装置,LED模块用独立式安全特低电压直流或交流电子控制装置的特殊补充要求,灯的控制装置 第14部分：LED模块用直流或交流电子控制装置的特殊要求GB 19510.14-2009,,
533,某检测技术服务有限公司,实际地址,产品质量检验,电子电气-照明,LED模块用直流或交流电子控制装置,介电强度,灯的控制装置 第14部分：LED模块用直流或交流电子控制装置的特殊要求GB 19510.14-2009,,
534,某检测技术服务有限公司,实际地址,产品质量检验,电子电气-照明,LED模块用直流或交流电子控制装置,保护接地装置,灯的控制装置 第14部分：LED模块用直流或交流电子控制装置的特殊要求GB 19510.14-2009,,
535,某检测技术服务有限公司,实际地址,产品质量检验,电子电气-照明,LED模块用直流或交流电子控制装置,变压器加热试验,灯的控制装置 第14部分：LED模块用直流或交流电子控制装置的特殊要求GB 19510.14-2009,,
536,某检测技术服务有限公司,实际地址,产品质量检验,电子电气-照明,LED模块用直流或交流电子控制装置,带热保护器的灯的电子控制装置的特殊要求,灯的控制装置 第14部分：LED模块用直流或交流电子控制装置的特殊要求GB 19510.14-2009,,
537,某检测技术服务有限公司,实际地址,产品质量检验,电子电气-照明,LED模块用直流或交流电子控制装置,异常状态,灯的控制装置 第14部分：LED模块用直流或交流电子控制装置的特殊要求GB 19510.14-2009,,
538,某检测技术服务有限公司,实际地址,产品质量检验,电子电气-照明,LED模块用直流或交流电子控制装置,故障状态,灯的控制装置 第14部分：LED模块用直流或交流电子控制装置的特殊要求GB 19510.14-2009,,
539,某检测技术服务有限公司,实际地址,产品质量检验,电子电气-照明,LED模块用直流或交流电子控制装置,标志,灯的控制装置 第14部分：LED模块用直流或交流电子控制装置的特殊要求GB 19510.14-2009,,
540,某检测技术服务有限公司,实际地址,产品质量检验,电子电气-照明,LED模块用直流或交流电子控制装置,爬电距离和电气间隙,灯的控制装置 第14部分：LED模块用直流或交流电子控制装置的特殊要求GB 19510.14-2009,,
541,某检测技术服务有限公司,实际地址,产品质量检验,电子电气-照明,LED模块用直流或交流电子控制装置,结构,灯的控制装置 第14部分：LED模块用直流或交流电子控制装置的特殊要求GB 19510.14-2009,,
542,某检测技术服务有限公司,实际地址,产品质量检验,电子电气-照明,LED模块用直流或交流电子控制装置,耐热、防火及耐漏电起痕,灯的控制装置 第14部分：LED模块用直流或交流电子控制装置的特殊要求GB 19510.14-2009,,
543,某检测技术服务有限公司,实际地址,产品质量检验,电子电气-照明,LED模块用直流或交流电子控制装置,耐腐蚀,灯的控制装置 第14部分：LED模块用直流或交流电子控制装置的特殊要求GB 19510.14-2009,,
544,某检测技术服务有限公司,实际地址,产品质量检验,电子电气-照明,LED模块用直流或交流电子控制装置,螺钉、载流部件及连接件,灯的控制装置 第14部分：LED模块用直流或交流电子控制装置的特殊要求GB 19510.14-2009,,
545,某检测技术服务有限公司,实际地址,产品质量检验,电子电气-照明,LED模块用直流或交流电子控制装置,防止意外接触带电部件的措施,灯的控制装置 第14部分：LED模块用直流或交流电子控制装置的特殊要求GB 19510.14-2009,,
546,某检测技术服务有限公司,实际地址,产品质量检验,电子电气-照明,LED模块用直流或交流电子控制装置,防潮与绝缘,灯的控制装置 第14部分：LED模块用直流或交流电子控制装置的特殊要求GB 19510.14-2009,,
547,某检测技术服务有限公司,实际地址,产品质量检验,电子电气-EMC,信息技术设备,浪涌抗扰度,信息技术设备抗扰度限值和测量方法GB/T 17618-2015,不测：三相器具,
548,某检测技术服务有限公司,实际地址,产品质量检验,电子电气-EMC,信息技术设备,电压跌落、中断及电压变化抗扰度,信息技术设备抗扰度限值和测量方法GB/T 17618-2015,不测：三相器具,
549,某检测技术服务有限公司,实际地址,产品质量检验,电子电气-EMC,信息技术设备,电快速脉冲群抗扰度,信息技术设备抗扰度限值和测量方法GB/T 17618-2015,不测：三相器具,
550,某检测技术服务有限公司,实际地址,产品质量检验,电子电气-EMC,信息技术设备,静电放电抗扰度,信息技术设备抗扰度限值和测量方法GB/T 17618-2015,,
551,某检测技术服务有限公司,实际地址,产品质量检验,电子电气-照明,固定式通用灯具,内部和外部接线,灯具 第2-1部分:特殊要求 固定式通用灯具GB 7000.201-2008,,
552,某检测技术服务有限公司,实际地址,产品质量检验,电子电气-照明,固定式通用灯具,接地规定,灯具 第2-1部分:特殊要求 固定式通用灯具GB 7000.201-2008,,
553,某检测技术服务有限公司,实际地址,产品质量检验,电子电气-照明,固定式通用灯具,标记,灯具 第2-1部分:特殊要求 固定式通用灯具GB 7000.201-2008,,
554,某检测技术服务有限公司,实际地址,产品质量检验,电子电气-照明,固定式通用灯具,爬电距离和电气间隙,灯具 第2-1部分:特殊要求 固定式通用灯具GB 7000.201-2008,,
555,某检测技术服务有限公司,实际地址,产品质量检验,电子电气-照明,固定式通用灯具,结构,灯具 第2-1部分:特殊要求 固定式通用灯具GB 7000.201-2008,不测同 GB7000.1-2015,
556,某检测技术服务有限公司,实际地址,产品质量检验,电子电气-照明,固定式通用灯具,绝缘电阻和电气强度,灯具 第2-1部分:特殊要求 固定式通用灯具GB 7000.201-2008,,
557,某检测技术服务有限公司,实际地址,产品质量检验,电子电气-照明,固定式通用灯具,耐久性试验和热试验,灯具 第2-1部分:特殊要求 固定式通用灯具GB 7000.201-2008,不测：100cm×100cm×100cm以上的样品的耐久性试验,
558,某检测技术服务有限公司,实际地址,产品质量检验,电子电气-照明,固定式通用灯具,耐热、耐火和耐起痕,灯具 第2-1部分:特殊要求 固定式通用灯具GB 7000.201-2008,,
559,某检测技术服务有限公司,实际地址,产品质量检验,电子电气-照明,固定式通用灯具,防尘、防固体异物和防水,灯具 第2-1部分:特殊要求 固定式通用灯具GB 7000.201-2008,不测：100cm×100cm×100cm以上的样品的潮湿试验,
560,某检测技术服务有限公司,实际地址,产品质量检验,电子电气-照明,固定式通用灯具,防触电保护,灯具 第2-1部分:特殊要求 固定式通用灯具GB 7000.201-2008,,
561,某检测技术服务有限公司,实际地址,产品质量检验,电子电气-EMC,信息技术设备,1GHz以上 辐射骚扰,信息技术设备的无线电骚扰限值和测量方法GB/T 9254-2008,,
562,某检测技术服务有限公司,实际地址,产品质量检验,电子电气-EMC,信息技术设备,1GHz以下辐射骚扰测量,信息技术设备的无线电骚扰限值和测量方法GB/T 9254-2008,,
563,某检测技术服务有限公司,实际地址,产品质量检验,电子电气-EMC,信息技术设备,电源端子骚扰电压,信息技术设备的无线电骚扰限值和测量方法GB/T 9254-2008,不测：三相器具,
564,某检测技术服务有限公司,实际地址,产品质量检验,电子电气-照明,普通照明用自镇流灯,互换性,普通照明用自镇流灯的安全要求GB 16844-2008,只测：E14，E26，E27，GU10,
565,某检测技术服务有限公司,实际地址,产品质量检验,电子电气-照明,普通照明用自镇流灯,故障状态,普通照明用自镇流灯的安全要求GB 16844-2008,,
566,某检测技术服务有限公司,实际地址,产品质量检验,电子电气-照明,普通照明用自镇流灯,机械强度,普通照明用自镇流灯的安全要求GB 16844-2008,,
567,某检测技术服务有限公司,实际地址,产品质量检验,电子电气-照明,普通照明用自镇流灯,标志,普通照明用自镇流灯的安全要求GB 16844-2008,,
568,某检测技术服务有限公司,实际地址,产品质量检验,电子电气-照明,普通照明用自镇流灯,潮湿处理后的绝缘电阻和介电强度,普通照明用自镇流灯的安全要求GB 16844-2008,不测：5000V以上交流耐压,
569,某检测技术服务有限公司,实际地址,产品质量检验,电子电气-照明,普通照明用自镇流灯,灯头温升,普通照明用自镇流灯的安全要求GB 16844-2008,,
570,某检测技术服务有限公司,实际地址,产品质量检验,电子电气-照明,普通照明用自镇流灯,耐热性,普通照明用自镇流灯的安全要求GB 16844-2008,,
571,某检测技术服务有限公司,实际地址,产品质量检验,电子电气-照明,普通照明用自镇流灯,防火与防燃,普通照明用自镇流灯的安全要求GB 16844-2008,,
572,某检测技术服务有限公司,实际地址,产品质量检验,电子电气-照明,普通照明用自镇流灯,防触电保护,普通照明用自镇流灯的安全要求GB 16844-2008,,
573,某检测技术服务有限公司,实际地址,产品质量检验,电子电气-照明,嵌入式灯具,外部接线和内部接线,灯具 第2-2部分:特殊要求 嵌入式灯具GB 7000.202-2008,,
574,某检测技术服务有限公司,实际地址,产品质量检验,电子电气-照明,嵌入式灯具,接地规定,灯具 第2-2部分:特殊要求 嵌入式灯具GB 7000.202-2008,,
575,某检测技术服务有限公司,实际地址,产品质量检验,电子电气-照明,嵌入式灯具,标记,灯具 第2-2部分:特殊要求 嵌入式灯具GB 7000.202-2008,,
576,某检测技术服务有限公司,实际地址,产品质量检验,电子电气-照明,嵌入式灯具,爬电距离和电气间隙,灯具 第2-2部分:特殊要求 嵌入式灯具GB 7000.202-2008,,
577,某检测技术服务有限公司,实际地址,产品质量检验,电子电气-照明,嵌入式灯具,结构,灯具 第2-2部分:特殊要求 嵌入式灯具GB 7000.202-2008,不测同 GB7000.1-2015,
578,某检测技术服务有限公司,实际地址,产品质量检验,电子电气-照明,嵌入式灯具,绝缘电阻和电气强度,灯具 第2-2部分:特殊要求 嵌入式灯具GB 7000.202-2008,,
579,某检测技术服务有限公司,实际地址,产品质量检验,电子电气-照明,嵌入式灯具,耐久性试验和热试验,灯具 第2-2部分:特殊要求 嵌入式灯具GB 7000.202-2008,不测：100cm×100cm×100cm以上的样品的耐久性试验,
580,某检测技术服务有限公司,实际地址,产品质量检验,电子电气-照明,嵌入式灯具,耐热、耐火和耐起痕,灯具 第2-2部分:特殊要求 嵌入式灯具GB 7000.202-2008,,
581,某检测技术服务有限公司,实际地址,产品质量检验,电子电气-照明,嵌入式灯具,防尘、防固体异物和防水,灯具 第2-2部分:特殊要求 嵌入式灯具GB 7000.202-2008,不测：100cm×100cm×100cm以上的样品的潮湿试验,
582,某检测技术服务有限公司,实际地址,产品质量检验,电子电气-照明,嵌入式灯具,防触电保护,灯具 第2-2部分:特殊要求 嵌入式灯具GB 7000.202-2008,,
583,某检测技术服务有限公司,实际地址,产品质量检验,电子电气-EMC,家用电器、电动工具和类似器具,30MHz-1GHz辐射骚扰场强测量,家用电器、电动工具和类似器具的电磁兼容要求 第1部分：发射GB 4343.1-2009,,
584,某检测技术服务有限公司,实际地址,产品质量检验,电子电气-EMC,家用电器、电动工具和类似器具,频率范围为148.5kHz~30MHz的端子电压,家用电器、电动工具和类似器具的电磁兼容要求 第1部分：发射GB 4343.1-2018,不测：三相器具,
585,某检测技术服务有限公司,实际地址,产品质量检验,电子电气-EMC,家用电器、电动工具和类似器具,频率范围为30MHz～1000MHz的辐射骚扰,家用电器、电动工具和类似器具的电磁兼容要求 第1部分：发射GB 4343.1-2018,,
586,某检测技术服务有限公司,实际地址,产品质量检验,电子电气-安全,电工电子产品,第一位特征数字所表示的对接近危险部件防护的试验,外壳防护等级(IP代码)GB/T 4208-2017,,
587,某检测技术服务有限公司,实际地址,产品质量检验,电子电气-安全,电工电子产品,第一位特征数字所表示的防止固体异物进入的试验,外壳防护等级(IP代码)GB/T 4208-2017,,
588,某检测技术服务有限公司,实际地址,产品质量检验,电子电气-安全,电工电子产品,第二位特征数字所表示的防止水进入的试验,外壳防护等级(IP代码)GB/T 4208-2017,不测：IPX9,
589,某检测技术服务有限公司,实际地址,产品质量检验,电子电气-安全,电工电子产品,附加字母所表示的接近危险部件防护的试验,外壳防护等级(IP代码)GB/T 4208-2017,,
590,某检测技术服务有限公司,实际地址,产品质量检验,电子电气-电器附件,变压器、电抗器、电源装置及其组合,保护接地装置,变压器、电抗器、电源装置及其组合的安全 第1部分：通用要求和试验GB/T 19212.1-2016,,
591,某检测技术服务有限公司,实际地址,产品质量检验,电子电气-电器附件,变压器、电抗器、电源装置及其组合,元器件,变压器、电抗器、电源装置及其组合的安全 第1部分：通用要求和试验GB/T 19212.1-2016,不测：元器件单独试验,
592,某检测技术服务有限公司,实际地址,产品质量检验,电子电气-电器附件,变压器、电抗器、电源装置及其组合,内部布线,变压器、电抗器、电源装置及其组合的安全 第1部分：通用要求和试验GB/T 19212.1-2016,,
593,某检测技术服务有限公司,实际地址,产品质量检验,电子电气-电器附件,变压器、电抗器、电源装置及其组合,发热,变压器、电抗器、电源装置及其组合的安全 第1部分：通用要求和试验GB/T 19212.1-2016,不测：14.3加速老化试验,
594,某检测技术服务有限公司,实际地址,产品质量检验,电子电气-电器附件,变压器、电抗器、电源装置及其组合,机械强度,变压器、电抗器、电源装置及其组合的安全 第1部分：通用要求和试验GB/T 19212.1-2016,,
595,某检测技术服务有限公司,实际地址,产品质量检验,电子电气-电器附件,变压器、电抗器、电源装置及其组合,标志和其他信息,变压器、电抗器、电源装置及其组合的安全 第1部分：通用要求和试验GB/T 19212.1-2016,,
596,某检测技术服务有限公司,实际地址,产品质量检验,电子电气-电器附件,变压器、电抗器、电源装置及其组合,爬电距离、电气间隙和贯通绝缘距离,变压器、电抗器、电源装置及其组合的安全 第1部分：通用要求和试验GB/T 19212.1-2016,不测：26.3.3卷轴试验,
597,某检测技术服务有限公司,实际地址,产品质量检验,电子电气-电器附件,变压器、电抗器、电源装置及其组合,电击防护,变压器、电抗器、电源装置及其组合的安全 第1部分：通用要求和试验GB/T 19212.1-2016,,
598,某检测技术服务有限公司,实际地址,产品质量检验,电子电气-电器附件,变压器、电抗器、电源装置及其组合,电源连接和其他外部软电缆或软线,变压器、电抗器、电源装置及其组合的安全 第1部分：通用要求和试验GB/T 19212.1-2016,不测：22.9.4软线弯曲试验,
599,某检测技术服务有限公司,实际地址,产品质量检验,电子电气-电器附件,变压器、电抗器、电源装置及其组合,短路和过载保护,变压器、电抗器、电源装置及其组合的安全 第1部分：通用要求和试验GB/T 19212.1-2016,,
600,某检测技术服务有限公司,实际地址,产品质量检验,电子电气-电器附件,变压器、电抗器、电源装置及其组合,短路电压,变压器、电抗器、电源装置及其组合的安全 第1部分：通用要求和试验GB/T 19212.1-2016,,
601,某检测技术服务有限公司,实际地址,产品质量检验,电子电气-电器附件,变压器、电抗器、电源装置及其组合,空载输出电压,变压器、电抗器、电源装置及其组合的安全 第1部分：通用要求和试验GB/T 19212.1-2016,,
602,某检测技术服务有限公司,实际地址,产品质量检验,电子电气-电器附件,变压器、电抗器、电源装置及其组合,结构,变压器、电抗器、电源装置及其组合的安全 第1部分：通用要求和试验GB/T 19212.1-2016,不测：19.9橡胶老化试验， 19.10绝缘涂层试验,
603,某检测技术服务有限公司,实际地址,产品质量检验,电子电气-电器附件,变压器、电抗器、电源装置及其组合,绝缘电阻、介电强度和漏电流,变压器、电抗器、电源装置及其组合的安全 第1部分：通用要求和试验GB/T 19212.1-2016,,
604,某检测技术服务有限公司,实际地址,产品质量检验,电子电气-电器附件,变压器、电抗器、电源装置及其组合,耐热、耐燃和耐电痕化,变压器、电抗器、电源装置及其组合的安全 第1部分：通用要求和试验GB/T 19212.1-2016,,
605,某检测技术服务有限公司,实际地址,产品质量检验,电子电气-电器附件,变压器、电抗器、电源装置及其组合,螺钉和连接,变压器、电抗器、电源装置及其组合的安全 第1部分：通用要求和试验GB/T 19212.1-2016,,
606,某检测技术服务有限公司,实际地址,产品质量检验,电子电气-电器附件,变压器、电抗器、电源装置及其组合,负载输出电压和输出电流,变压器、电抗器、电源装置及其组合的安全 第1部分：通用要求和试验GB/T 19212.1-2016,,
607,某检测技术服务有限公司,实际地址,产品质量检验,电子电气-电器附件,变压器、电抗器、电源装置及其组合,输入电压设定值的改变,变压器、电抗器、电源装置及其组合的安全 第1部分：通用要求和试验GB/T 19212.1-2016,,
608,某检测技术服务有限公司,实际地址,产品质量检验,电子电气-电器附件,变压器、电抗器、电源装置及其组合,防止灰尘、固体异物和潮湿有害进入的防护,变压器、电抗器、电源装置及其组合的安全 第1部分：通用要求和试验GB/T 19212.1-2016,,
609,某检测技术服务有限公司,实际地址,产品质量检验,电子电气-电器附件,开关型电源装置和开关型电源装置用变压器,保护接地装置,电源电压为1 100V及以下的变压器、电抗器、电源装置和类似产品的安全 第17部分：开关型电源装置和开关型电源装置用变压器的特殊要求和试验GB/T 19212.17-2019,,
610,某检测技术服务有限公司,实际地址,产品质量检验,电子电气-电器附件,开关型电源装置和开关型电源装置用变压器,内部布线,电源电压为1 100V及以下的变压器、电抗器、电源装置和类似产品的安全 第17部分：开关型电源装置和开关型电源装置用变压器的特殊要求和试验GB/T 19212.17-2019,,
611,某检测技术服务有限公司,实际地址,产品质量检验,电子电气-电器附件,开关型电源装置和开关型电源装置用变压器,发热,电源电压为1 100V及以下的变压器、电抗器、电源装置和类似产品的安全 第17部分：开关型电源装置和开关型电源装置用变压器的特殊要求和试验GB/T 19212.17-2019,不测：14.3加速老化试验,
612,某检测技术服务有限公司,实际地址,产品质量检验,电子电气-电器附件,开关型电源装置和开关型电源装置用变压器,外部导线接线端子,电源电压为1 100V及以下的变压器、电抗器、电源装置和类似产品的安全 第17部分：开关型电源装置和开关型电源装置用变压器的特殊要求和试验GB/T 19212.17-2019,,
613,某检测技术服务有限公司,实际地址,产品质量检验,电子电气-电器附件,开关型电源装置和开关型电源装置用变压器,机械强度,电源电压为1 100V及以下的变压器、电抗器、电源装置和类似产品的安全 第17部分：开关型电源装置和开关型电源装置用变压器的特殊要求和试验GB/T 19212.17-2019,,
614,某检测技术服务有限公司,实际地址,产品质量检验,电子电气-电器附件,开关型电源装置和开关型电源装置用变压器,标志和其他信息,电源电压为1 100V及以下的变压器、电抗器、电源装置和类似产品的安全 第17部分：开关型电源装置和开关型电源装置用变压器的特殊要求和试验GB/T 19212.17-2019,,
615,某检测技术服务有限公司,实际地址,产品质量检验,电子电气-电器附件,开关型电源装置和开关型电源装置用变压器,爬电距离、电气间隙和贯通绝缘距离,电源电压为1 100V及以下的变压器、电抗器、电源装置和类似产品的安全 第17部分：开关型电源装置和开关型电源装置用变压器的特殊要求和试验GB/T 19212.17-2019,不测：26.3.3卷轴试验,
616,某检测技术服务有限公司,实际地址,产品质量检验,电子电气-电器附件,开关型电源装置和开关型电源装置用变压器,电击防护,电源电压为1 100V及以下的变压器、电抗器、电源装置和类似产品的安全 第17部分：开关型电源装置和开关型电源装置用变压器的特殊要求和试验GB/T 19212.17-2019,,
617,某检测技术服务有限公司,实际地址,产品质量检验,电子电气-电器附件,开关型电源装置和开关型电源装置用变压器,电源连接和其他外部软电缆或软线,电源电压为1 100V及以下的变压器、电抗器、电源装置和类似产品的安全 第17部分：开关型电源装置和开关型电源装置用变压器的特殊要求和试验GB/T 19212.17-2019,不测：22.9.4软线弯曲试验,
618,某检测技术服务有限公司,实际地址,产品质量检验,电子电气-电器附件,开关型电源装置和开关型电源装置用变压器,短路和过载保护,电源电压为1 100V及以下的变压器、电抗器、电源装置和类似产品的安全 第17部分：开关型电源装置和开关型电源装置用变压器的特殊要求和试验GB/T 19212.17-2019,,
619,某检测技术服务有限公司,实际地址,产品质量检验,电子电气-电器附件,开关型电源装置和开关型电源装置用变压器,短路电压,电源电压为1 100V及以下的变压器、电抗器、电源装置和类似产品的安全 第17部分：开关型电源装置和开关型电源装置用变压器的特殊要求和试验GB/T 19212.17-2019,,
620,某检测技术服务有限公司,实际地址,产品质量检验,电子电气-电器附件,开关型电源装置和开关型电源装置用变压器,空载输出电压,电源电压为1 100V及以下的变压器、电抗器、电源装置和类似产品的安全 第17部分：开关型电源装置和开关型电源装置用变压器的特殊要求和试验GB/T 19212.17-2019,,
621,某检测技术服务有限公司,实际地址,产品质量检验,电子电气-电器附件,开关型电源装置和开关型电源装置用变压器,结构,电源电压为1 100V及以下的变压器、电抗器、电源装置和类似产品的安全 第17部分：开关型电源装置和开关型电源装置用变压器的特殊要求和试验GB/T 19212.17-2019,不测：19.9橡胶老化试验， 19.10绝缘涂层试验,
622,某检测技术服务有限公司,实际地址,产品质量检验,电子电气-电器附件,开关型电源装置和开关型电源装置用变压器,绝缘电阻、介电强度和漏电流,电源电压为1 100V及以下的变压器、电抗器、电源装置和类似产品的安全 第17部分：开关型电源装置和开关型电源装置用变压器的特殊要求和试验GB/T 19212.17-2019,,
623,某检测技术服务有限公司,实际地址,产品质量检验,电子电气-电器附件,开关型电源装置和开关型电源装置用变压器,耐热、耐燃和耐电痕化,电源电压为1 100V及以下的变压器、电抗器、电源装置和类似产品的安全 第17部分：开关型电源装置和开关型电源装置用变压器的特殊要求和试验GB/T 19212.17-2019,,
624,某检测技术服务有限公司,实际地址,产品质量检验,电子电气-电器附件,开关型电源装置和开关型电源装置用变压器,螺钉和连接,电源电压为1 100V及以下的变压器、电抗器、电源装置和类似产品的安全 第17部分：开关型电源装置和开关型电源装置用变压器的特殊要求和试验GB/T 19212.17-2019,,
625,某检测技术服务有限公司,实际地址,产品质量检验,电子电气-电器附件,开关型电源装置和开关型电源装置用变压器,负载输出电压和输出电流,电源电压为1 100V及以下的变压器、电抗器、电源装置和类似产品的安全 第17部分：开关型电源装置和开关型电源装置用变压器的特殊要求和试验GB/T 19212.17-2019,,
626,某检测技术服务有限公司,实际地址,产品质量检验,电子电气-电器附件,开关型电源装置和开关型电源装置用变压器,输入电压设定值的改变,电源电压为1 100V及以下的变压器、电抗器、电源装置和类似产品的安全 第17部分：开关型电源装置和开关型电源装置用变压器的特殊要求和试验GB/T 19212.17-2019,,
627,某检测技术服务有限公司,实际地址,产品质量检验,电子电气-电器附件,开关型电源装置和开关型电源装置用变压器,防止灰尘、固体异物和潮湿有害进入的防护,电源电压为1 100V及以下的变压器、电抗器、电源装置和类似产品的安全 第17部分：开关型电源装置和开关型电源装置用变压器的特殊要求和试验GB/T 19212.17-2019,,
628,某检测技术服务有限公司,实际地址,产品质量检验,电子电气-电器附件,电力变压器、电源、电抗器和类似产品,保护接地装置,电力变压器、电源、电抗器和类似产品的安全 第1部分：通用要求和试验GB 19212.1-2008,,
629,某检测技术服务有限公司,实际地址,产品质量检验,电子电气-电器附件,电力变压器、电源、电抗器和类似产品,内部布线,电力变压器、电源、电抗器和类似产品的安全 第1部分：通用要求和试验GB 19212.1-2008,,
630,某检测技术服务有限公司,实际地址,产品质量检验,电子电气-电器附件,电力变压器、电源、电抗器和类似产品,发热,电力变压器、电源、电抗器和类似产品的安全 第1部分：通用要求和试验GB 19212.1-2008,不测：14.3加速老化试验,
631,某检测技术服务有限公司,实际地址,产品质量检验,电子电气-电器附件,电力变压器、电源、电抗器和类似产品,外部导线接线端子,电力变压器、电源、电抗器和类似产品的安全 第1部分：通用要求和试验GB 19212.1-2008,,
632,某检测技术服务有限公司,实际地址,产品质量检验,电子电气-电器附件,电力变压器、电源、电抗器和类似产品,机械强度,电力变压器、电源、电抗器和类似产品的安全 第1部分：通用要求和试验GB 19212.1-2008,,
633,某检测技术服务有限公司,实际地址,产品质量检验,电子电气-电器附件,电力变压器、电源、电抗器和类似产品,标志和其他信息,电力变压器、电源、电抗器和类似产品的安全 第1部分：通用要求和试验GB 19212.1-2008,,
634,某检测技术服务有限公司,实际地址,产品质量检验,电子电气-电器附件,电力变压器、电源、电抗器和类似产品,爬电距离、电气间隙和贯通绝缘距离,电力变压器、电源、电抗器和类似产品的安全 第1部分：通用要求和试验GB 19212.1-2008,不测：26.3.3卷轴试验,
635,某检测技术服务有限公司,实际地址,产品质量检验,电子电气-电器附件,电力变压器、电源、电抗器和类似产品,电击防护,电力变压器、电源、电抗器和类似产品的安全 第1部分：通用要求和试验GB 19212.1-2008,,
636,某检测技术服务有限公司,实际地址,产品质量检验,电子电气-电器附件,电力变压器、电源、电抗器和类似产品,电源连接和其他外部软电缆或软线,电力变压器、电源、电抗器和类似产品的安全 第1部分：通用要求和试验GB 19212.1-2008,不测：22.9.4软线弯曲试验,
637,某检测技术服务有限公司,实际地址,产品质量检验,电子电气-电器附件,电力变压器、电源、电抗器和类似产品,短路和过载保护,电力变压器、电源、电抗器和类似产品的安全 第1部分：通用要求和试验GB 19212.1-2008,,
638,某检测技术服务有限公司,实际地址,产品质量检验,电子电气-电器附件,电力变压器、电源、电抗器和类似产品,短路电压,电力变压器、电源、电抗器和类似产品的安全 第1部分：通用要求和试验GB 19212.1-2008,,
639,某检测技术服务有限公司,实际地址,产品质量检验,电子电气-电器附件,电力变压器、电源、电抗器和类似产品,空载输出电压,电力变压器、电源、电抗器和类似产品的安全 第1部分：通用要求和试验GB 19212.1-2008,,
640,某检测技术服务有限公司,实际地址,产品质量检验,电子电气-电器附件,电力变压器、电源、电抗器和类似产品,结构,电力变压器、电源、电抗器和类似产品的安全 第1部分：通用要求和试验GB 19212.1-2008,不测：19.9橡胶老化试验， 19.10绝缘涂层试验,
641,某检测技术服务有限公司,实际地址,产品质量检验,电子电气-电器附件,电力变压器、电源、电抗器和类似产品,绝缘电阻、介电强度和漏电流,电力变压器、电源、电抗器和类似产品的安全 第1部分：通用要求和试验GB 19212.1-2008,,
642,某检测技术服务有限公司,实际地址,产品质量检验,电子电气-电器附件,电力变压器、电源、电抗器和类似产品,耐热、耐燃和耐电痕化,电力变压器、电源、电抗器和类似产品的安全 第1部分：通用要求和试验GB 19212.1-2008,,
643,某检测技术服务有限公司,实际地址,产品质量检验,电子电气-电器附件,电力变压器、电源、电抗器和类似产品,螺钉和连接,电力变压器、电源、电抗器和类似产品的安全 第1部分：通用要求和试验GB 19212.1-2008,,
644,某检测技术服务有限公司,实际地址,产品质量检验,电子电气-电器附件,电力变压器、电源、电抗器和类似产品,负载输出电压和输出电流,电力变压器、电源、电抗器和类似产品的安全 第1部分：通用要求和试验GB 19212.1-2008,,
645,某检测技术服务有限公司,实际地址,产品质量检验,电子电气-电器附件,电力变压器、电源、电抗器和类似产品,输入电压设定值的改变,电力变压器、电源、电抗器和类似产品的安全 第1部分：通用要求和试验GB 19212.1-2008,,
646,某检测技术服务有限公司,实际地址,产品质量检验,电子电气-电器附件,电力变压器、电源、电抗器和类似产品,防止灰尘、固体异物和潮湿有害进入的防护,电力变压器、电源、电抗器和类似产品的安全 第1部分：通用要求和试验GB 19212.1-2008,,
647,某检测技术服务有限公司,实际地址,产品质量检验,电子电气-照明,普通照明用50V以上自镇流LED灯,互换性,普通照明用50V以上自镇流LED灯 安全要求GB 24906-2010,只测：E14，E17，E26，E27，GU10,
648,某检测技术服务有限公司,实际地址,产品质量检验,电子电气-照明,普通照明用50V以上自镇流LED灯,意外接触带电部件的防护,普通照明用50V以上自镇流LED灯 安全要求GB 24906-2010,,
649,某检测技术服务有限公司,实际地址,产品质量检验,电子电气-照明,普通照明用50V以上自镇流LED灯,故障状态,普通照明用50V以上自镇流LED灯 安全要求GB 24906-2010,,
650,某检测技术服务有限公司,实际地址,产品质量检验,电子电气-照明,普通照明用50V以上自镇流LED灯,机械强度,普通照明用50V以上自镇流LED灯 安全要求GB 24906-2010,,
651,某检测技术服务有限公司,实际地址,产品质量检验,电子电气-照明,普通照明用50V以上自镇流LED灯,标志,普通照明用50V以上自镇流LED灯 安全要求GB 24906-2010,,
652,某检测技术服务有限公司,实际地址,产品质量检验,电子电气-照明,普通照明用50V以上自镇流LED灯,潮湿处理后的绝缘电阻和介电强度,普通照明用50V以上自镇流LED灯 安全要求GB 24906-2010,不测：5000V以上交流耐压,
653,某检测技术服务有限公司,实际地址,产品质量检验,电子电气-照明,普通照明用50V以上自镇流LED灯,灯头温升,普通照明用50V以上自镇流LED灯 安全要求GB 24906-2010,,
654,某检测技术服务有限公司,实际地址,产品质量检验,电子电气-照明,普通照明用50V以上自镇流LED灯,耐热性,普通照明用50V以上自镇流LED灯 安全要求GB 24906-2010,,
655,某检测技术服务有限公司,实际地址,产品质量检验,电子电气-照明,普通照明用50V以上自镇流LED灯,防火与防燃,普通照明用50V以上自镇流LED灯 安全要求GB 24906-2010,,
656,某检测技术服务有限公司,实际地址,产品质量检验,电子电气-家用电器,家用电器,内部布线,家用和类似用途电器的安全 第一部分：通用要求GB 4706.1-2005,,
657,某检测技术服务有限公司,实际地址,产品质量检验,电子电气-家用电器,家用电器,发热,家用和类似用途电器的安全 第一部分：通用要求GB 4706.1-2005,不测：三相器具,
658,某检测技术服务有限公司,实际地址,产品质量检验,电子电气-家用电器,家用电器,变压器和相关电路的过载保护,家用和类似用途电器的安全 第一部分：通用要求GB 4706.1-2005,不测：三相器具,
659,某检测技术服务有限公司,实际地址,产品质量检验,电子电气-家用电器,家用电器,外部导线用接线端子,家用和类似用途电器的安全 第一部分：通用要求GB 4706.1-2005,,
660,某检测技术服务有限公司,实际地址,产品质量检验,电子电气-家用电器,家用电器,对触及带电部件的防护,家用和类似用途电器的安全 第一部分：通用要求GB 4706.1-2005,,
661,某检测技术服务有限公司,实际地址,产品质量检验,电子电气-家用电器,家用电器,工作温度下的泄漏电流和电气强度,家用和类似用途电器的安全 第一部分：通用要求GB 4706.1-2005,不测：三相器具,
662,某检测技术服务有限公司,实际地址,产品质量检验,电子电气-家用电器,家用电器,接地措施,家用和类似用途电器的安全 第一部分：通用要求GB 4706.1-2005,,
663,某检测技术服务有限公司,实际地址,产品质量检验,电子电气-家用电器,家用电器,机械强度,家用和类似用途电器的安全 第一部分：通用要求GB 4706.1-2005,不测：绝缘材料耐刮擦试验,
664,某检测技术服务有限公司,实际地址,产品质量检验,电子电气-家用电器,家用电器,标志和说明,家用和类似用途电器的安全 第一部分：通用要求GB 4706.1-2005,,
665,某检测技术服务有限公司,实际地址,产品质量检验,电子电气-家用电器,家用电器,泄漏电流和电气强度,家用和类似用途电器的安全 第一部分：通用要求GB 4706.1-2005,,
666,某检测技术服务有限公司,实际地址,产品质量检验,电子电气-家用电器,家用电器,电气间隙、爬电距离和穿通绝缘距离,家用和类似用途电器的安全 第一部分：通用要求GB 4706.1-2005,,
667,某检测技术服务有限公司,实际地址,产品质量检验,电子电气-家用电器,家用电器,电源连接和外部软线,家用和类似用途电器的安全 第一部分：通用要求GB 4706.1-2005,,
668,某检测技术服务有限公司,实际地址,产品质量检验,电子电气-家用电器,家用电器,稳定性和机械危险,家用和类似用途电器的安全 第一部分：通用要求GB 4706.1-2005,,
669,某检测技术服务有限公司,实际地址,产品质量检验,电子电气-家用电器,家用电器,结构,家用和类似用途电器的安全 第一部分：通用要求GB 4706.1-2005,,
670,某检测技术服务有限公司,实际地址,产品质量检验,电子电气-家用电器,家用电器,耐潮湿,家用和类似用途电器的安全 第一部分：通用要求GB 4706.1-2005,不测：100cm x100cm x100cm,
671,某检测技术服务有限公司,实际地址,产品质量检验,电子电气-家用电器,家用电器,耐热、耐燃和耐漏电起痕,家用和类似用途电器的安全 第一部分：通用要求GB 4706.1-2005,不测：三相器具,
672,某检测技术服务有限公司,实际地址,产品质量检验,电子电气-家用电器,家用电器,螺钉和连接,家用和类似用途电器的安全 第一部分：通用要求GB 4706.1-2005,,
673,某检测技术服务有限公司,实际地址,产品质量检验,电子电气-家用电器,家用电器,输入功率和电流,家用和类似用途电器的安全 第一部分：通用要求GB 4706.1-2005,不测：三相器具,
674,某检测技术服务有限公司,实际地址,产品质量检验,电子电气-家用电器,家用电器,非正常工作,家用和类似用途电器的安全 第一部分：通用要求GB 4706.1-2005,不测：三相器具,
